,frame,color,hex
1696,0,"(97, 99, 72)",#616348
1759,1,"(97, 99, 72)",#616348
1612,2,"(97, 99, 72)",#616348
1552,3,"(97, 99, 72)",#616348
1312,4,"(97, 99, 72)",#616348
1269,5,"(97, 99, 72)",#616348
1413,6,"(96, 98, 72)",#606248
1457,7,"(96, 97, 71)",#606147
1170,8,"(95, 97, 70)",#5f6146
1119,9,"(94, 96, 70)",#5e6046
1271,10,"(102, 103, 76)",#66674c
1310,11,"(102, 103, 75)",#66674b
1456,12,"(101, 102, 74)",#65664a
1414,13,"(100, 102, 73)",#646649
1757,14,"(95, 97, 70)",#5f6146
1698,15,"(92, 95, 68)",#5c5f44
1553,16,"(88, 91, 67)",#585b43
1611,17,"(86, 89, 66)",#565942
733,18,"(88, 91, 67)",#585b43
672,19,"(81, 84, 63)",#51543f
1111,20,"(64, 68, 55)",#404437
1176,21,"(58, 62, 52)",#3a3e34
1023,22,"(56, 60, 51)",#383c33
969,23,"(54, 59, 50)",#363b32
725,24,"(53, 57, 49)",#353931
682,25,"(51, 56, 48)",#333830
833,26,"(47, 52, 46)",#2f342e
871,27,"(48, 53, 46)",#30352e
1747,28,"(46, 51, 45)",#2e332d
1706,29,"(45, 51, 44)",#2d332c
723,30,"(46, 50, 44)",#2e322c
684,31,"(46, 51, 44)",#2e332c
828,32,"(46, 51, 44)",#2e332c
874,33,"(46, 51, 45)",#2e332d
1113,34,"(46, 51, 45)",#2e332d
1174,35,"(46, 51, 45)",#2e332d
1028,36,"(46, 51, 45)",#2e332d
966,37,"(46, 51, 45)",#2e332d
1258,38,"(46, 51, 45)",#2e332d
1321,39,"(46, 51, 45)",#2e332d
359,40,"(46, 51, 45)",#2e332d
428,41,"(46, 51, 45)",#2e332d
584,42,"(46, 51, 45)",#2e332d
516,43,"(46, 51, 45)",#2e332d
258,44,"(46, 51, 45)",#2e332d
209,45,"(46, 51, 45)",#2e332d
51,46,"(46, 52, 45)",#2e342d
103,47,"(47, 52, 46)",#2f342e
2193,48,"(69, 66, 65)",#454241
2146,49,"(70, 67, 67)",#464343
260,50,"(71, 69, 69)",#474545
207,51,"(85, 86, 91)",#55565b
54,52,"(85, 87, 92)",#55575c
98,53,"(75, 75, 77)",#4b4b4d
357,54,"(77, 76, 79)",#4d4c4f
430,55,"(88, 89, 94)",#58595e
581,56,"(79, 77, 79)",#4f4d4f
521,57,"(79, 77, 78)",#4f4d4e
1995,58,"(80, 78, 79)",#504e4f
2048,59,"(91, 92, 95)",#5b5c5f
2200,60,"(90, 91, 95)",#5a5b5f
2141,61,"(89, 90, 94)",#595a5e
2287,62,"(91, 91, 96)",#5b5b60
2349,63,"(91, 92, 96)",#5b5c60
2003,64,"(92, 93, 97)",#5c5d61
2042,65,"(92, 92, 97)",#5c5c61
1898,66,"(92, 93, 98)",#5c5d62
1852,67,"(93, 94, 99)",#5d5e63
364,68,"(93, 95, 100)",#5d5f64
421,69,"(93, 95, 101)",#5d5f65
1999,70,"(95, 96, 102)",#5f6066
2046,71,"(94, 96, 102)",#5e6066
1895,72,"(95, 97, 102)",#5f6166
1853,73,"(105, 101, 120)",#696578
2204,74,"(104, 100, 119)",#686477
2137,75,"(105, 101, 120)",#696578
2290,76,"(105, 101, 120)",#696578
2348,77,"(105, 101, 120)",#696578
262,78,"(105, 100, 119)",#696477
203,79,"(105, 100, 119)",#696477
508,80,"(108, 103, 122)",#6c677a
593,81,"(108, 102, 120)",#6c6678
435,82,"(108, 102, 121)",#6c6679
352,83,"(109, 103, 122)",#6d677a
117,84,"(109, 103, 123)",#6d677b
36,85,"(109, 103, 122)",#6d677a
194,86,"(105, 100, 119)",#696477
273,87,"(104, 99, 118)",#686376
2354,88,"(108, 103, 122)",#6c677a
2283,89,"(108, 103, 122)",#6c677a
114,90,"(108, 103, 122)",#6c677a
39,91,"(108, 103, 122)",#6c677a
190,92,"(109, 103, 122)",#6d677a
277,93,"(110, 104, 123)",#6e687b
510,94,"(111, 104, 123)",#6f687b
591,95,"(112, 105, 123)",#70697b
439,96,"(111, 105, 123)",#6f697b
348,97,"(111, 104, 122)",#6f687a
1836,98,"(110, 104, 123)",#6e687b
1913,99,"(109, 104, 123)",#6d687b
1558,100,"(106, 101, 120)",#6a6578
1603,101,"(106, 101, 120)",#6a6578
1750,102,"(106, 101, 120)",#6a6578
1709,103,"(105, 100, 120)",#696478
1467,104,"(105, 100, 120)",#696478
1406,105,"(105, 100, 120)",#696478
1262,106,"(59, 52, 78)",#3b344e
1317,107,"(59, 51, 77)",#3b334d
1025,108,"(59, 51, 77)",#3b334d
970,109,"(59, 51, 77)",#3b334d
1462,110,"(59, 51, 77)",#3b334d
1407,111,"(59, 51, 76)",#3b334c
1259,112,"(58, 50, 76)",#3a324c
1326,113,"(59, 50, 76)",#3b324c
1563,114,"(58, 50, 76)",#3a324c
1602,115,"(58, 50, 76)",#3a324c
1753,116,"(57, 49, 75)",#39314b
1700,117,"(57, 49, 75)",#39314b
830,118,"(57, 49, 74)",#39314a
875,119,"(56, 48, 74)",#38304a
1020,120,"(56, 48, 74)",#38304a
971,121,"(56, 48, 74)",#38304a
1125,122,"(56, 48, 73)",#383049
1165,123,"(56, 48, 73)",#383049
822,124,"(56, 48, 72)",#383048
883,125,"(56, 48, 72)",#383048
728,126,"(92, 98, 51)",#5c6233
676,127,"(93, 99, 53)",#5d6335
1556,128,"(92, 98, 51)",#5c6233
1609,129,"(92, 98, 51)",#5c6233
825,130,"(94, 101, 53)",#5e6535
876,131,"(93, 99, 52)",#5d6334
736,132,"(93, 99, 52)",#5d6334
675,133,"(93, 99, 52)",#5d6334
1017,134,"(93, 99, 52)",#5d6334
978,135,"(93, 99, 52)",#5d6334
1117,136,"(93, 99, 52)",#5d6334
1166,137,"(92, 98, 51)",#5c6233
1460,138,"(92, 98, 51)",#5c6233
1415,139,"(94, 99, 53)",#5e6335
572,140,"(92, 98, 50)",#5c6232
527,141,"(92, 98, 50)",#5c6232
367,142,"(93, 99, 51)",#5d6333
424,143,"(93, 99, 51)",#5d6333
49,144,"(93, 99, 51)",#5d6333
106,145,"(94, 100, 51)",#5e6433
268,146,"(93, 99, 51)",#5d6333
197,147,"(93, 99, 51)",#5d6333
2288,148,"(93, 99, 51)",#5d6333
2351,149,"(93, 99, 51)",#5d6333
42,150,"(94, 100, 51)",#5e6433
109,151,"(93, 99, 51)",#5d6333
267,152,"(94, 100, 53)",#5e6435
204,153,"(64, 71, 76)",#40474c
579,154,"(64, 71, 76)",#40474c
524,155,"(64, 71, 76)",#40474c
368,156,"(64, 71, 76)",#40474c
417,157,"(64, 71, 76)",#40474c
1896,158,"(64, 71, 76)",#40474c
1855,159,"(64, 71, 76)",#40474c
2296,160,"(64, 71, 76)",#40474c
2339,161,"(65, 71, 76)",#41474c
2198,162,"(65, 71, 76)",#41474c
2147,163,"(65, 71, 76)",#41474c
1903,164,"(65, 71, 77)",#41474d
1848,165,"(65, 71, 77)",#41474d
1989,166,"(65, 71, 77)",#41474d
2054,167,"(65, 71, 77)",#41474d
585,168,"(65, 71, 77)",#41474d
518,169,"(65, 71, 77)",#41474d
1904,170,"(65, 71, 77)",#41474d
1843,171,"(65, 71, 76)",#41474c
1998,172,"(65, 71, 76)",#41474c
2051,173,"(65, 71, 76)",#41474c
2295,174,"(65, 71, 76)",#41474c
2344,175,"(65, 71, 76)",#41474c
2189,176,"(91, 96, 99)",#5b6063
2150,177,"(65, 71, 76)",#41474c
55,178,"(91, 96, 99)",#5b6063
100,179,"(65, 71, 76)",#41474c
433,180,"(176, 168, 161)",#b0a8a1
354,181,"(176, 168, 161)",#b0a8a1
515,182,"(176, 168, 161)",#b0a8a1
586,183,"(177, 168, 161)",#b1a8a1
188,184,"(177, 169, 161)",#b1a9a1
279,185,"(177, 169, 161)",#b1a9a1
120,186,"(177, 169, 161)",#b1a9a1
34,187,"(177, 169, 161)",#b1a9a1
2133,188,"(178, 169, 161)",#b2a9a1
2207,189,"(178, 170, 162)",#b2aaa2
189,190,"(178, 170, 162)",#b2aaa2
278,191,"(178, 170, 162)",#b2aaa2
121,192,"(179, 170, 162)",#b3aaa2
32,193,"(179, 170, 162)",#b3aaa2
432,194,"(179, 170, 163)",#b3aaa3
355,195,"(179, 171, 163)",#b3aba3
514,196,"(179, 171, 163)",#b3aba3
588,197,"(179, 171, 163)",#b3aba3
2058,198,"(180, 171, 163)",#b4aba3
1986,199,"(180, 171, 164)",#b4aba4
2230,200,"(180, 172, 164)",#b4aca4
2113,201,"(180, 172, 164)",#b4aca4
2253,202,"(180, 172, 164)",#b4aca4
2381,203,"(180, 172, 164)",#b4aca4
1959,204,"(181, 172, 164)",#b5aca4
2084,205,"(181, 172, 164)",#b5aca4
1944,206,"(80, 68, 61)",#50443d
1807,207,"(79, 66, 60)",#4f423c
319,208,"(77, 66, 59)",#4d423b
467,209,"(78, 66, 60)",#4e423c
1958,210,"(79, 67, 61)",#4f433d
2089,211,"(84, 71, 64)",#544740
1936,212,"(85, 72, 65)",#554841
1810,213,"(80, 70, 63)",#50463f
2231,214,"(80, 70, 64)",#504640
2108,215,"(85, 73, 66)",#554942
2261,216,"(85, 73, 66)",#554942
2378,217,"(85, 73, 66)",#554942
297,218,"(85, 73, 66)",#554942
169,219,"(84, 73, 67)",#544943
330,220,"(84, 73, 67)",#544943
459,221,"(84, 73, 67)",#544943
614,222,"(84, 73, 66)",#544942
484,223,"(84, 73, 66)",#544942
301,224,"(84, 73, 66)",#544942
164,225,"(84, 73, 66)",#544942
8,226,"(84, 73, 66)",#544942
147,227,"(84, 73, 66)",#544942
2237,228,"(84, 73, 66)",#544942
2103,229,"(83, 72, 66)",#534842
308,230,"(83, 72, 66)",#534842
161,231,"(83, 72, 66)",#534842
9,232,"(36, 28, 26)",#241c1a
141,233,"(36, 28, 26)",#241c1a
323,234,"(36, 28, 26)",#241c1a
462,235,"(37, 28, 26)",#251c1a
613,236,"(37, 28, 26)",#251c1a
490,237,"(37, 28, 26)",#251c1a
1965,238,"(37, 28, 26)",#251c1a
2079,239,"(37, 28, 26)",#251c1a
1084,240,"(37, 29, 26)",#251d1a
1205,241,"(37, 29, 26)",#251d1a
1050,242,"(37, 29, 26)",#251d1a
940,243,"(37, 29, 26)",#251d1a
769,244,"(37, 29, 26)",#251d1a
636,245,"(37, 29, 26)",#251d1a
792,246,"(37, 29, 26)",#251d1a
913,247,"(37, 29, 26)",#251d1a
1791,248,"(38, 29, 27)",#261d1b
1663,249,"(38, 29, 27)",#261d1b
766,250,"(37, 28, 26)",#251c1a
643,251,"(37, 28, 26)",#251c1a
786,252,"(37, 28, 26)",#251c1a
914,253,"(37, 28, 26)",#251c1a
1087,254,"(37, 28, 26)",#251c1a
1198,255,"(37, 28, 26)",#251c1a
1056,256,"(37, 28, 26)",#251c1a
939,257,"(37, 28, 26)",#251c1a
1232,258,"(37, 28, 26)",#251c1a
1348,259,"(37, 28, 26)",#251c1a
1789,260,"(37, 28, 26)",#251c1a
1668,261,"(71, 53, 49)",#473531
1523,262,"(75, 56, 52)",#4b3834
1636,263,"(76, 57, 53)",#4c3935
1225,264,"(89, 68, 63)",#59443f
1354,265,"(71, 52, 48)",#473430
1496,266,"(73, 54, 50)",#493632
1377,267,"(88, 67, 62)",#58433e
1079,268,"(76, 57, 53)",#4c3935
1206,269,"(72, 53, 50)",#483532
1230,270,"(76, 56, 53)",#4c3835
1353,271,"(76, 56, 53)",#4c3835
1499,272,"(76, 56, 53)",#4c3835
1368,273,"(76, 56, 53)",#4c3835
1784,274,"(76, 56, 53)",#4c3835
1669,275,"(76, 56, 53)",#4c3835
1520,276,"(76, 57, 53)",#4c3935
1645,277,"(76, 57, 53)",#4c3935
761,278,"(83, 65, 61)",#53413d
644,279,"(99, 80, 75)",#63504b
929,280,"(109, 92, 87)",#6d5c57
1064,281,"(118, 102, 96)",#766660
1214,282,"(127, 112, 105)",#7f7069
1074,283,"(136, 121, 115)",#887973
923,284,"(145, 131, 124)",#91837c
781,285,"(154, 141, 133)",#9a8d85
628,286,"(163, 151, 143)",#a3978f
779,287,"(172, 160, 153)",#aca099
1654,288,"(181, 170, 162)",#b5aaa2
1510,289,"(189, 179, 171)",#bdb3ab
924,290,"(189, 179, 171)",#bdb3ab
780,291,"(189, 179, 170)",#bdb3aa
630,292,"(189, 179, 170)",#bdb3aa
778,293,"(188, 178, 170)",#bcb2aa
928,294,"(188, 178, 170)",#bcb2aa
1065,295,"(187, 178, 169)",#bbb2a9
1212,296,"(187, 177, 169)",#bbb1a9
1075,297,"(187, 177, 169)",#bbb1a9
1367,298,"(186, 177, 168)",#bab1a8
1505,299,"(186, 176, 168)",#bab0a8
1728,300,"(186, 176, 168)",#bab0a8
1725,301,"(185, 176, 167)",#b9b0a7
1577,302,"(185, 175, 167)",#b9afa7
1589,303,"(185, 175, 167)",#b9afa7
1286,304,"(184, 174, 166)",#b8aea6
1297,305,"(184, 174, 166)",#b8aea6
1445,306,"(183, 174, 166)",#b7aea6
1424,307,"(183, 173, 165)",#b7ada5
1133,308,"(183, 173, 165)",#b7ada5
1155,309,"(183, 173, 165)",#b7ada5
1279,310,"(183, 173, 165)",#b7ada5
1300,311,"(182, 172, 165)",#b6aca5
1444,312,"(182, 172, 165)",#b6aca5
1430,313,"(182, 172, 164)",#b6aca4
1735,314,"(182, 172, 164)",#b6aca4
1722,315,"(181, 172, 164)",#b5aca4
1578,316,"(181, 172, 164)",#b5aca4
1583,317,"(181, 171, 164)",#b5aba4
705,318,"(181, 171, 164)",#b5aba4
703,319,"(181, 171, 163)",#b5aba3
1140,320,"(181, 171, 164)",#b5aba4
1145,321,"(180, 171, 163)",#b4aba3
1005,322,"(181, 171, 163)",#b5aba3
991,323,"(180, 171, 163)",#b4aba3
711,324,"(180, 171, 163)",#b4aba3
698,325,"(180, 170, 163)",#b4aaa3
839,326,"(180, 170, 163)",#b4aaa3
862,327,"(180, 170, 163)",#b4aaa3
1739,328,"(180, 170, 163)",#b4aaa3
1717,329,"(180, 170, 163)",#b4aaa3
712,330,"(180, 170, 163)",#b4aaa3
693,331,"(180, 170, 163)",#b4aaa3
847,332,"(180, 170, 163)",#b4aaa3
859,333,"(180, 170, 163)",#b4aaa3
1139,334,"(180, 170, 163)",#b4aaa3
1150,335,"(180, 170, 163)",#b4aaa3
997,336,"(180, 170, 163)",#b4aaa3
994,337,"(180, 170, 163)",#b4aaa3
1290,338,"(180, 170, 163)",#b4aaa3
1292,339,"(180, 170, 163)",#b4aaa3
387,340,"(180, 170, 163)",#b4aaa3
398,341,"(180, 170, 163)",#b4aaa3
554,342,"(180, 171, 163)",#b4aba3
550,343,"(180, 171, 163)",#b4aba3
246,344,"(180, 171, 163)",#b4aba3
223,345,"(180, 171, 163)",#b4aba3
68,346,"(180, 171, 163)",#b4aba3
83,347,"(180, 171, 164)",#b4aba4
2180,348,"(31, 29, 32)",#1f1d20
2162,349,"(31, 29, 32)",#1f1d20
241,350,"(31, 29, 32)",#1f1d20
224,351,"(31, 29, 32)",#1f1d20
65,352,"(31, 29, 32)",#1f1d20
91,353,"(31, 29, 32)",#1f1d20
392,354,"(31, 29, 32)",#1f1d20
397,355,"(31, 29, 32)",#1f1d20
557,356,"(31, 29, 32)",#1f1d20
542,357,"(31, 29, 32)",#1f1d20
2020,358,"(31, 28, 32)",#1f1c20
2026,359,"(31, 28, 32)",#1f1c20
2176,360,"(31, 28, 32)",#1f1c20
2163,361,"(31, 28, 32)",#1f1c20
2317,362,"(31, 28, 32)",#1f1c20
2324,363,"(31, 28, 32)",#1f1c20
2013,364,"(31, 28, 32)",#1f1c20
2034,365,"(31, 28, 32)",#1f1c20
1880,366,"(31, 28, 32)",#1f1c20
1867,367,"(31, 28, 32)",#1f1c20
385,368,"(31, 28, 32)",#1f1c20
404,369,"(31, 28, 32)",#1f1c20
2016,370,"(31, 28, 32)",#1f1c20
2027,371,"(31, 28, 32)",#1f1c20
1887,372,"(31, 28, 32)",#1f1c20
1866,373,"(31, 28, 32)",#1f1c20
2173,374,"(31, 28, 32)",#1f1c20
2170,375,"(30, 28, 32)",#1e1c20
2310,376,"(30, 29, 32)",#1e1d20
2325,377,"(237, 235, 231)",#edebe7
239,378,"(236, 234, 231)",#eceae7
230,379,"(236, 234, 230)",#eceae6
535,380,"(236, 233, 230)",#ece9e6
566,381,"(236, 234, 230)",#eceae6
409,382,"(236, 234, 230)",#eceae6
377,383,"(236, 233, 229)",#ece9e5
96,384,"(236, 234, 231)",#eceae7
57,385,"(237, 235, 231)",#edebe7
212,386,"(236, 234, 231)",#eceae7
255,387,"(236, 234, 230)",#eceae6
2336,388,"(235, 233, 229)",#ebe9e5
2300,389,"(69, 53, 53)",#453535
97,390,"(69, 54, 54)",#453636
56,391,"(69, 53, 53)",#453535
213,392,"(68, 53, 53)",#443535
253,393,"(66, 51, 51)",#423333
534,394,"(65, 50, 50)",#413232
567,395,"(64, 48, 49)",#403031
408,396,"(62, 47, 48)",#3e2f30
379,397,"(61, 46, 47)",#3d2e2f
1859,398,"(26, 23, 25)",#1a1719
1889,399,"(26, 23, 25)",#1a1719
1882,400,"(26, 23, 25)",#1a1719
1869,401,"(26, 23, 25)",#1a1719
2011,402,"(26, 23, 25)",#1a1719
2032,403,"(26, 23, 25)",#1a1719
2313,404,"(26, 23, 25)",#1a1719
2322,405,"(26, 23, 25)",#1a1719
2178,406,"(26, 23, 25)",#1a1719
2165,407,"(26, 23, 25)",#1a1719
72,408,"(26, 23, 25)",#1a1719
81,409,"(26, 23, 25)",#1a1719
2312,410,"(26, 23, 25)",#1a1719
2327,411,"(26, 23, 25)",#1a1719
2171,412,"(26, 23, 25)",#1a1719
2168,413,"(26, 23, 25)",#1a1719
1884,414,"(26, 23, 25)",#1a1719
1863,415,"(26, 22, 24)",#1a1618
2018,416,"(26, 22, 24)",#1a1618
2029,417,"(26, 23, 25)",#1a1719
562,418,"(26, 23, 25)",#1a1719
539,419,"(26, 23, 25)",#1a1719
70,420,"(26, 23, 25)",#1a1719
85,421,"(26, 22, 24)",#1a1618
244,422,"(26, 22, 24)",#1a1618
221,423,"(26, 22, 24)",#1a1618
551,424,"(26, 22, 25)",#1a1619
548,425,"(26, 22, 25)",#1a1619
389,426,"(123, 124, 133)",#7b7c85
400,427,"(123, 124, 133)",#7b7c85
1878,428,"(119, 121, 130)",#777982
1871,429,"(126, 126, 136)",#7e7e88
559,430,"(119, 121, 131)",#777983
544,431,"(119, 121, 131)",#777983
390,432,"(125, 126, 135)",#7d7e87
395,433,"(123, 123, 133)",#7b7b85
62,434,"(124, 124, 133)",#7c7c85
89,435,"(124, 124, 133)",#7c7c85
243,436,"(119, 120, 130)",#777882
226,437,"(119, 120, 130)",#777882
2308,438,"(125, 125, 134)",#7d7d86
2329,439,"(125, 125, 134)",#7d7d86
841,440,"(132, 132, 143)",#84848f
864,441,"(126, 126, 136)",#7e7e88
709,442,"(132, 132, 143)",#84848f
696,443,"(132, 132, 143)",#84848f
1003,444,"(132, 132, 143)",#84848f
988,445,"(119, 120, 130)",#777882
1142,446,"(133, 133, 144)",#858590
1147,447,"(133, 133, 144)",#858590
1436,448,"(105, 90, 90)",#695a5a
1435,449,"(104, 90, 90)",#685a5a
999,450,"(104, 90, 89)",#685a59
996,451,"(104, 90, 89)",#685a59
1137,452,"(84, 72, 72)",#544848
1148,453,"(84, 72, 72)",#544848
845,454,"(100, 86, 86)",#645656
856,455,"(100, 86, 86)",#645656
714,456,"(100, 86, 86)",#645656
695,457,"(100, 86, 86)",#645656
1569,458,"(100, 86, 86)",#645656
1594,459,"(100, 86, 86)",#645656
1447,460,"(100, 86, 86)",#645656
1426,461,"(100, 86, 86)",#645656
1284,462,"(100, 86, 86)",#645656
1295,463,"(82, 70, 71)",#524647
1575,464,"(100, 86, 86)",#645656
1586,465,"(83, 71, 71)",#534747
1730,466,"(83, 71, 71)",#534747
1727,467,"(83, 71, 71)",#534747
850,468,"(82, 70, 71)",#524647
853,469,"(82, 70, 70)",#524646
1580,470,"(82, 70, 70)",#524646
1585,471,"(82, 70, 70)",#524646
1733,472,"(82, 70, 70)",#524646
1720,473,"(82, 70, 70)",#524646
1442,474,"(82, 70, 70)",#524646
1427,475,"(82, 70, 70)",#524646
1281,476,"(81, 70, 70)",#514646
1302,477,"(81, 69, 70)",#514546
1008,478,"(81, 70, 70)",#514646
985,479,"(53, 50, 48)",#353230
689,480,"(53, 50, 48)",#353230
718,481,"(53, 50, 48)",#353230
869,482,"(53, 50, 48)",#353230
834,483,"(53, 50, 48)",#353230
1156,484,"(53, 50, 48)",#353230
1131,485,"(53, 50, 48)",#353230
982,486,"(53, 50, 48)",#353230
1011,487,"(53, 50, 48)",#353230
1304,488,"(53, 50, 48)",#353230
1277,489,"(53, 50, 48)",#353230
1158,490,"(53, 50, 48)",#353230
1129,491,"(53, 50, 48)",#353230
983,492,"(53, 50, 48)",#353230
1010,493,"(53, 50, 48)",#353230
688,494,"(53, 50, 48)",#353230
719,495,"(54, 50, 48)",#363230
868,496,"(53, 50, 48)",#353230
835,497,"(53, 50, 48)",#353230
1712,498,"(53, 50, 48)",#353230
1743,499,"(78, 84, 57)",#4e5439
1494,500,"(81, 86, 61)",#51563d
1375,501,"(79, 84, 58)",#4f543a
1227,502,"(79, 84, 58)",#4f543a
1356,503,"(80, 85, 59)",#50553b
1526,504,"(78, 83, 56)",#4e5338
1639,505,"(79, 85, 56)",#4f5538
1787,506,"(79, 85, 56)",#4f5538
1666,507,"(79, 85, 56)",#4f5538
796,508,"(78, 84, 55)",#4e5437
907,509,"(79, 85, 56)",#4f5538
1518,510,"(80, 86, 56)",#505638
1643,511,"(79, 85, 55)",#4f5537
1786,512,"(79, 85, 55)",#4f5537
1671,513,"(79, 85, 54)",#4f5536
1501,514,"(80, 86, 55)",#505637
1372,515,"(79, 85, 54)",#4f5536
1228,516,"(80, 85, 55)",#505537
1351,517,"(80, 85, 54)",#505536
1059,518,"(82, 88, 57)",#525839
934,519,"(81, 86, 55)",#515637
790,520,"(81, 86, 55)",#515637
911,521,"(81, 86, 55)",#515637
771,522,"(67, 75, 43)",#434b2b
638,523,"(49, 44, 41)",#312c29
1052,524,"(52, 47, 44)",#342f2c
943,525,"(48, 44, 41)",#302c29
1082,526,"(48, 44, 41)",#302c29
1203,527,"(48, 44, 41)",#302c29
1493,528,"(48, 44, 41)",#302c29
1378,529,"(48, 44, 41)",#302c29
1054,530,"(54, 49, 46)",#36312e
937,531,"(48, 44, 41)",#302c29
1089,532,"(49, 44, 41)",#312c29
1200,533,"(49, 45, 42)",#312d2a
788,534,"(51, 46, 43)",#332e2b
917,535,"(50, 45, 42)",#322d2a
764,536,"(49, 45, 42)",#312d2a
641,537,"(49, 44, 41)",#312c29
1517,538,"(48, 43, 41)",#302b29
1646,539,"(53, 48, 45)",#35302d
6,540,"(43, 41, 40)",#2b2928
145,541,"(47, 43, 40)",#2f2b28
303,542,"(52, 47, 44)",#342f2c
166,543,"(52, 47, 44)",#342f2c
617,544,"(48, 44, 41)",#302c29
486,545,"(51, 46, 44)",#332e2c
328,546,"(47, 43, 41)",#2f2b29
457,547,"(47, 43, 41)",#2f2b29
1932,548,"(46, 43, 40)",#2e2b28
1817,549,"(46, 42, 40)",#2e2a28
611,550,"(44, 41, 39)",#2c2927
488,551,"(59, 49, 50)",#3b3132
325,552,"(59, 49, 50)",#3b3132
464,553,"(61, 50, 51)",#3d3233
12,554,"(61, 50, 51)",#3d3233
143,555,"(58, 48, 49)",#3a3031
306,556,"(60, 49, 50)",#3c3132
159,557,"(58, 48, 49)",#3a3031
2249,558,"(58, 48, 49)",#3a3031
2388,559,"(58, 48, 49)",#3a3031
1942,560,"(60, 50, 50)",#3c3232
1805,561,"(58, 48, 49)",#3a3031
1961,562,"(58, 48, 49)",#3a3031
2086,563,"(58, 48, 49)",#3a3031
2256,564,"(61, 50, 51)",#3d3233
2383,565,"(55, 45, 46)",#372d2e
2228,566,"(61, 50, 51)",#3d3233
2111,567,"(61, 50, 51)",#3d3233
16,568,"(61, 50, 51)",#3d3233
137,569,"(61, 50, 51)",#3d3233
2259,570,"(191, 181, 174)",#bfb5ae
2376,571,"(191, 181, 173)",#bfb5ad
2233,572,"(191, 181, 173)",#bfb5ad
2110,573,"(191, 181, 173)",#bfb5ad
1939,574,"(191, 181, 173)",#bfb5ad
1812,575,"(191, 181, 173)",#bfb5ad
1956,576,"(191, 181, 173)",#bfb5ad
2087,577,"(188, 178, 170)",#bcb2aa
621,578,"(185, 175, 168)",#b9afa8
480,579,"(182, 173, 166)",#b6ada6
156,580,"(179, 170, 163)",#b3aaa3
311,581,"(176, 167, 161)",#b0a7a1
153,582,"(173, 165, 158)",#ada59e
0,583,"(169, 161, 155)",#a9a19b
470,584,"(166, 158, 153)",#a69e99
317,585,"(163, 155, 151)",#a39b97
477,586,"(158, 151, 146)",#9e9792
624,587,"(152, 144, 140)",#98908c
2093,588,"(149, 141, 137)",#958d89
1952,589,"(147, 140, 137)",#938c89
471,590,"(146, 139, 137)",#928b89
316,591,"(145, 138, 136)",#918a88
478,592,"(130, 122, 118)",#827a76
623,593,"(127, 119, 116)",#7f7774
154,594,"(123, 115, 112)",#7b7370
313,595,"(118, 110, 107)",#766e6b
152,596,"(115, 107, 105)",#736b69
1,597,"(108, 100, 98)",#6c6462
2098,598,"(108, 100, 98)",#6c6462
2243,599,"(101, 93, 91)",#655d5b
1991,600,"(101, 92, 92)",#655c5c
2056,601,"(94, 85, 84)",#5e5554
1901,602,"(94, 86, 86)",#5e5656
1846,603,"(86, 78, 78)",#564e4e
2195,604,"(83, 75, 75)",#534b4b
2144,605,"(49, 48, 40)",#313028
2298,606,"(48, 47, 40)",#302f28
2341,607,"(49, 48, 40)",#313028
257,608,"(48, 47, 40)",#302f28
210,609,"(48, 47, 40)",#302f28
2191,610,"(48, 47, 40)",#302f28
2152,611,"(48, 47, 40)",#302f28
2293,612,"(48, 47, 40)",#302f28
2342,613,"(55, 54, 45)",#37362d
1994,614,"(47, 47, 39)",#2f2f27
2049,615,"(48, 47, 39)",#302f27
1906,616,"(48, 47, 39)",#302f27
1845,617,"(53, 51, 43)",#35332b
358,618,"(49, 48, 40)",#313028
429,619,"(49, 48, 40)",#313028
270,620,"(49, 48, 40)",#313028
199,621,"(49, 48, 40)",#313028
47,622,"(49, 48, 39)",#313027
104,623,"(49, 47, 39)",#312f27
363,624,"(49, 48, 39)",#313027
422,625,"(211, 187, 175)",#d3bbaf
574,626,"(212, 187, 176)",#d4bbb0
529,627,"(58, 46, 51)",#3a2e33
2004,628,"(57, 46, 51)",#392e33
2041,629,"(213, 187, 176)",#d5bbb0
370,630,"(213, 187, 176)",#d5bbb0
419,631,"(215, 190, 178)",#d7beb2
577,632,"(58, 46, 52)",#3a2e34
522,633,"(58, 46, 52)",#3a2e34
264,634,"(213, 187, 176)",#d5bbb0
201,635,"(212, 187, 176)",#d4bbb0
44,636,"(59, 48, 53)",#3b3035
111,637,"(60, 48, 54)",#3c3036
2203,638,"(212, 187, 176)",#d4bbb0
2138,639,"(213, 188, 177)",#d5bcb1
730,640,"(213, 188, 177)",#d5bcb1
679,641,"(62, 49, 55)",#3e3137
820,642,"(212, 187, 177)",#d4bbb1
881,643,"(212, 187, 177)",#d4bbb1
1123,644,"(56, 57, 33)",#383921
1162,645,"(52, 52, 31)",#34341f
1022,646,"(52, 53, 31)",#34351f
973,647,"(52, 53, 31)",#34351f
1266,648,"(52, 53, 31)",#34351f
1315,649,"(63, 64, 37)",#3f4025
1121,650,"(53, 54, 32)",#353620
1168,651,"(53, 54, 32)",#353620
1015,652,"(53, 54, 32)",#353620
976,653,"(53, 54, 32)",#353620
734,654,"(58, 58, 33)",#3a3a21
671,655,"(58, 58, 33)",#3a3a21
827,656,"(58, 59, 33)",#3a3b21
878,657,"(58, 58, 33)",#3a3a21
1756,658,"(58, 58, 33)",#3a3a21
1699,659,"(85, 85, 49)",#555531
1264,660,"(64, 65, 38)",#404126
1319,661,"(85, 85, 50)",#555532
1465,662,"(85, 85, 50)",#555532
1404,663,"(89, 75, 65)",#594b41
1748,664,"(90, 77, 67)",#5a4d43
1705,665,"(89, 75, 65)",#594b41
1560,666,"(81, 66, 57)",#514239
1605,667,"(89, 75, 65)",#594b41
724,668,"(89, 75, 65)",#594b41
683,669,"(89, 75, 65)",#594b41
1755,670,"(91, 78, 68)",#5b4e44
1702,671,"(90, 76, 66)",#5a4c42
1561,672,"(90, 76, 67)",#5a4c43
1600,673,"(89, 75, 65)",#594b41
1256,674,"(89, 75, 65)",#594b41
1323,675,"(83, 69, 59)",#53453b
1464,676,"(90, 76, 67)",#5a4c43
1409,677,"(90, 76, 67)",#5a4c43
1114,678,"(49, 46, 45)",#312e2d
1173,679,"(49, 47, 45)",#312f2d
888,680,"(49, 47, 45)",#312f2d
815,681,"(49, 47, 45)",#312f2d
666,682,"(49, 47, 45)",#312f2d
741,683,"(49, 47, 45)",#312f2d
962,684,"(49, 47, 45)",#312f2d
1031,685,"(49, 47, 45)",#312f2d
1178,686,"(49, 47, 45)",#312f2d
1109,687,"(49, 47, 45)",#312f2d
1401,688,"(49, 47, 46)",#312f2e
1470,689,"(49, 47, 46)",#312f2e
963,690,"(49, 47, 46)",#312f2e
1030,691,"(49, 47, 46)",#312f2e
1179,692,"(49, 47, 46)",#312f2e
1108,693,"(49, 47, 46)",#312f2e
886,694,"(49, 47, 46)",#312f2e
817,695,"(49, 47, 46)",#312f2e
665,696,"(49, 47, 46)",#312f2e
742,697,"(51, 48, 47)",#33302f
1620,698,"(51, 48, 47)",#33302f
1543,699,"(51, 48, 47)",#33302f
1241,700,"(51, 48, 47)",#33302f
1339,701,"(51, 48, 47)",#33302f
1479,702,"(51, 48, 47)",#33302f
1393,703,"(51, 48, 47)",#33302f
1772,704,"(51, 48, 47)",#33302f
1684,705,"(51, 48, 47)",#33302f
1541,706,"(51, 48, 47)",#33302f
1621,707,"(51, 49, 47)",#33312f
744,708,"(51, 49, 47)",#33312f
663,709,"(51, 49, 47)",#33312f
1769,710,"(51, 49, 47)",#33312f
1685,711,"(51, 49, 47)",#33312f
1538,712,"(51, 49, 47)",#33312f
1626,713,"(51, 49, 47)",#33312f
1244,714,"(51, 49, 47)",#33312f
1338,715,"(52, 49, 47)",#34312f
1482,716,"(52, 49, 47)",#34312f
1388,717,"(52, 49, 47)",#34312f
1095,718,"(52, 49, 48)",#343130
1192,719,"(52, 49, 48)",#343130
752,720,"(52, 49, 48)",#343130
654,721,"(52, 49, 48)",#343130
810,722,"(148, 138, 132)",#948a84
894,723,"(148, 139, 132)",#948b84
1099,724,"(148, 138, 132)",#948a84
1189,725,"(146, 137, 130)",#928982
1035,726,"(148, 138, 131)",#948a83
957,727,"(147, 138, 131)",#938a83
1250,728,"(148, 139, 132)",#948b84
1331,729,"(148, 139, 133)",#948b85
1103,730,"(148, 139, 133)",#948b85
1183,731,"(148, 139, 133)",#948b85
1038,732,"(149, 140, 135)",#958c87
956,733,"(149, 140, 135)",#958c87
748,734,"(149, 140, 136)",#958c88
660,735,"(149, 140, 136)",#958c88
807,736,"(150, 140, 136)",#968c88
895,737,"(150, 141, 136)",#968d88
1778,738,"(149, 140, 136)",#958c88
1677,739,"(150, 141, 137)",#968d89
285,740,"(150, 141, 138)",#968d8a
181,741,"(150, 141, 138)",#968d8a
25,742,"(150, 142, 139)",#968e8b
129,743,"(151, 142, 139)",#978e8b
347,744,"(151, 142, 140)",#978e8c
441,745,"(151, 142, 140)",#978e8c
599,746,"(151, 143, 141)",#978f8d
501,747,"(152, 144, 142)",#98908e
1978,748,"(152, 144, 143)",#98908f
2067,749,"(152, 144, 144)",#989090
340,750,"(152, 144, 144)",#989090
446,751,"(35, 36, 45)",#23242d
598,752,"(32, 33, 42)",#20212a
504,753,"(31, 33, 42)",#1f212a
291,754,"(31, 33, 42)",#1f212a
177,755,"(31, 33, 42)",#1f212a
26,756,"(31, 33, 42)",#1f212a
126,757,"(31, 33, 42)",#1f212a
2218,758,"(31, 33, 42)",#1f212a
2123,759,"(31, 33, 42)",#1f212a
1975,760,"(31, 33, 42)",#1f212a
2069,761,"(35, 36, 46)",#23242e
1925,762,"(35, 36, 45)",#23242d
1825,763,"(35, 36, 46)",#23242e
2213,764,"(35, 36, 45)",#23242d
2129,765,"(35, 36, 46)",#23242e
2273,766,"(35, 36, 46)",#23242e
2363,767,"(35, 36, 46)",#23242e
282,768,"(35, 36, 45)",#23242d
185,769,"(35, 36, 46)",#23242e
2214,770,"(35, 36, 45)",#23242d
2126,771,"(35, 36, 46)",#23242e
2278,772,"(35, 36, 45)",#23242d
2360,773,"(35, 36, 45)",#23242d
1974,774,"(35, 36, 45)",#23242d
2072,775,"(35, 36, 45)",#23242d
1920,776,"(35, 36, 46)",#23242e
1828,777,"(35, 36, 46)",#23242e
338,778,"(35, 36, 46)",#23242e
449,779,"(35, 36, 46)",#23242e
134,780,"(35, 36, 46)",#23242e
19,781,"(35, 36, 46)",#23242e
172,782,"(35, 36, 46)",#23242e
295,783,"(35, 36, 45)",#23242d
494,784,"(35, 36, 45)",#23242d
607,785,"(76, 65, 67)",#4c4143
452,786,"(76, 65, 67)",#4c4143
335,787,"(76, 65, 67)",#4c4143
1823,788,"(77, 65, 67)",#4d4143
1926,789,"(75, 64, 67)",#4b4043
496,790,"(75, 64, 67)",#4b4043
605,791,"(77, 65, 67)",#4d4143
453,792,"(77, 65, 68)",#4d4144
334,793,"(75, 64, 67)",#4b4043
133,794,"(77, 65, 68)",#4d4144
20,795,"(77, 65, 68)",#4d4144
171,796,"(77, 65, 68)",#4d4144
296,797,"(77, 65, 67)",#4d4143
2374,798,"(77, 65, 68)",#4d4144
2263,799,"(77, 65, 67)",#4d4143
511,800,"(76, 65, 68)",#4c4144
590,801,"(77, 65, 67)",#4d4143
438,802,"(77, 65, 67)",#4d4143
349,803,"(77, 65, 67)",#4d4143
113,804,"(77, 65, 67)",#4d4143
40,805,"(76, 63, 65)",#4c3f41
191,806,"(77, 65, 67)",#4d4143
276,807,"(77, 65, 67)",#4d4143
2355,808,"(77, 65, 66)",#4d4142
2282,809,"(77, 64, 66)",#4d4042
116,810,"(77, 65, 67)",#4d4143
37,811,"(76, 64, 66)",#4c4042
195,812,"(76, 64, 66)",#4c4042
272,813,"(76, 64, 66)",#4c4042
509,814,"(76, 64, 66)",#4c4042
592,815,"(76, 64, 66)",#4c4042
434,816,"(76, 64, 67)",#4c4043
353,817,"(178, 177, 180)",#b2b1b4
1839,818,"(179, 177, 180)",#b3b1b4
1910,819,"(179, 178, 180)",#b3b2b4
2357,820,"(180, 178, 181)",#b4b2b5
2280,821,"(180, 178, 181)",#b4b2b5
2132,822,"(183, 182, 185)",#b7b6b9
2209,823,"(184, 182, 185)",#b8b6b9
1841,824,"(184, 182, 185)",#b8b6b9
1908,825,"(184, 182, 185)",#b8b6b9
2059,826,"(183, 181, 184)",#b7b5b8
1987,827,"(183, 181, 184)",#b7b5b8
513,828,"(180, 177, 180)",#b4b1b4
587,829,"(73, 58, 56)",#493a38
1840,830,"(74, 58, 56)",#4a3a38
1909,831,"(72, 57, 55)",#483937
2057,832,"(73, 57, 54)",#493936
1988,833,"(76, 59, 58)",#4c3b3a
2358,834,"(78, 61, 59)",#4e3d3b
2279,835,"(79, 63, 60)",#4f3f3c
2134,836,"(80, 63, 61)",#503f3d
2208,837,"(80, 63, 61)",#503f3d
119,838,"(81, 63, 61)",#513f3d
33,839,"(81, 63, 61)",#513f3d
1619,840,"(178, 170, 171)",#b2aaab
1544,841,"(83, 64, 61)",#53403d
1689,842,"(84, 64, 61)",#54403d
1766,843,"(178, 170, 171)",#b2aaab
1400,844,"(178, 170, 171)",#b2aaab
1471,845,"(91, 71, 67)",#5b4743
1327,846,"(92, 72, 68)",#5c4844
1254,847,"(179, 169, 170)",#b3a9aa
964,848,"(179, 169, 169)",#b3a9a9
1029,849,"(179, 169, 169)",#b3a9a9
1402,850,"(15, 15, 22)",#0f0f16
1469,851,"(15, 15, 23)",#0f0f17
1328,852,"(18, 18, 26)",#12121a
1253,853,"(20, 21, 31)",#14151f
1618,854,"(20, 20, 29)",#14141d
1545,855,"(18, 18, 27)",#12121b
1688,856,"(18, 18, 28)",#12121c
1767,857,"(16, 16, 26)",#10101a
887,858,"(18, 18, 34)",#121222
816,859,"(18, 17, 34)",#121122
960,860,"(17, 16, 33)",#111021
1033,861,"(17, 16, 33)",#111021
1180,862,"(17, 17, 34)",#111122
1106,863,"(13, 13, 32)",#0d0d20
885,864,"(13, 13, 32)",#0d0d20
818,865,"(13, 13, 32)",#0d0d20
669,866,"(13, 12, 31)",#0d0c1f
738,867,"(12, 12, 31)",#0c0c1f
1615,868,"(12, 12, 30)",#0c0c1e
1547,869,"(13, 12, 30)",#0d0c1e
884,870,"(13, 12, 31)",#0d0c1f
819,871,"(13, 12, 31)",#0d0c1f
667,872,"(13, 12, 31)",#0d0c1f
739,873,"(13, 13, 32)",#0d0d20
961,874,"(14, 13, 32)",#0e0d20
1032,875,"(13, 13, 32)",#0d0d20
1182,876,"(13, 13, 32)",#0d0d20
1105,877,"(14, 13, 32)",#0e0d20
1397,878,"(14, 13, 32)",#0e0d20
1473,879,"(14, 13, 32)",#0e0d20
1758,880,"(14, 13, 32)",#0e0d20
1697,881,"(13, 12, 32)",#0d0c20
1551,882,"(13, 12, 31)",#0d0c1f
1613,883,"(13, 12, 31)",#0d0c1f
1270,884,"(13, 12, 31)",#0d0c1f
1311,885,"(13, 12, 31)",#0d0c1f
1458,886,"(13, 12, 31)",#0d0c1f
1412,887,"(13, 12, 30)",#0d0c1e
1118,888,"(13, 12, 30)",#0d0c1e
1171,889,"(14, 13, 30)",#0e0d1e
1265,890,"(15, 14, 30)",#0f0e1e
1316,891,"(16, 16, 30)",#10101e
1455,892,"(18, 17, 30)",#12111e
1417,893,"(19, 19, 31)",#13131f
1763,894,"(22, 21, 32)",#161520
1692,895,"(24, 24, 34)",#181822
1554,896,"(27, 26, 35)",#1b1a23
1608,897,"(30, 29, 36)",#1e1d24
731,898,"(30, 30, 34)",#1e1e22
678,899,"(33, 33, 35)",#212123
948,900,"(36, 36, 37)",#242425
1045,901,"(40, 40, 39)",#282827
1197,902,"(43, 43, 40)",#2b2b28
1090,903,"(46, 46, 42)",#2e2e2a
900,904,"(48, 48, 42)",#30302a
803,905,"(54, 54, 46)",#36362e
650,906,"(57, 57, 47)",#39392f
757,907,"(63, 62, 51)",#3f3e33
1633,908,"(67, 67, 50)",#434332
1530,909,"(70, 70, 55)",#464637
901,910,"(77, 77, 60)",#4d4d3c
802,911,"(83, 83, 63)",#53533f
653,912,"(85, 86, 64)",#555640
754,913,"(43, 44, 44)",#2b2c2c
946,914,"(43, 44, 44)",#2b2c2c
1047,915,"(43, 44, 44)",#2b2c2c
1194,916,"(44, 44, 45)",#2c2c2d
1093,917,"(44, 44, 45)",#2c2c2d
1384,918,"(44, 44, 45)",#2c2c2d
1487,919,"(44, 44, 45)",#2c2c2d
1634,920,"(44, 44, 45)",#2c2c2d
1529,921,"(44, 44, 45)",#2c2c2d
1673,922,"(44, 44, 45)",#2c2c2d
1782,923,"(44, 45, 45)",#2c2d2d
1387,924,"(45, 45, 46)",#2d2d2e
1484,925,"(45, 46, 46)",#2d2e2e
1343,926,"(45, 46, 46)",#2d2e2e
1238,927,"(46, 46, 47)",#2e2e2f
950,928,"(46, 46, 47)",#2e2e2f
1043,929,"(46, 47, 47)",#2e2f2f
1386,930,"(46, 47, 47)",#2e2f2f
1485,931,"(46, 47, 47)",#2e2f2f
1342,932,"(56, 66, 58)",#38423a
1239,933,"(56, 66, 57)",#384239
1635,934,"(56, 66, 57)",#384239
1528,935,"(56, 65, 57)",#384139
1674,936,"(56, 65, 57)",#384139
1781,937,"(56, 65, 57)",#384139
903,938,"(56, 65, 57)",#384139
800,939,"(56, 65, 57)",#384139
2375,940,"(55, 65, 57)",#374139
2262,941,"(55, 65, 57)",#374139
2116,942,"(55, 65, 57)",#374139
2225,943,"(55, 65, 57)",#374139
1821,944,"(55, 65, 57)",#374139
1928,945,"(55, 64, 57)",#374039
2075,946,"(55, 64, 57)",#374039
1970,947,"(119, 89, 80)",#775950
495,948,"(119, 89, 80)",#775950
606,949,"(119, 88, 80)",#775850
1822,950,"(119, 88, 79)",#77584f
1927,951,"(119, 88, 79)",#77584f
2076,952,"(119, 88, 79)",#77584f
1969,953,"(119, 88, 79)",#77584f
2373,954,"(119, 88, 79)",#77584f
2264,955,"(118, 88, 79)",#76584f
2115,956,"(119, 88, 79)",#77584f
2226,957,"(119, 88, 79)",#77584f
135,958,"(118, 88, 79)",#76584f
18,959,"(118, 88, 79)",#76584f
492,960,"(118, 88, 79)",#76584f
609,961,"(118, 88, 79)",#76584f
455,962,"(118, 89, 79)",#76594f
333,963,"(118, 89, 79)",#76594f
132,964,"(117, 89, 80)",#755950
21,965,"(15, 13, 13)",#0f0d0d
175,966,"(15, 13, 13)",#0f0d0d
292,967,"(109, 85, 77)",#6d554d
2371,968,"(109, 85, 77)",#6d554d
2267,969,"(16, 13, 14)",#100d0e
131,970,"(16, 13, 14)",#100d0e
22,971,"(16, 13, 14)",#100d0e
174,972,"(16, 13, 14)",#100d0e
294,973,"(16, 13, 14)",#100d0e
493,974,"(16, 13, 14)",#100d0e
608,975,"(110, 83, 80)",#6e5350
456,976,"(16, 13, 14)",#100d0e
331,977,"(16, 13, 14)",#100d0e
1819,978,"(16, 13, 14)",#100d0e
1931,979,"(16, 13, 14)",#100d0e
2217,980,"(59, 43, 44)",#3b2b2c
2124,981,"(59, 43, 44)",#3b2b2c
2269,982,"(59, 43, 44)",#3b2b2c
2367,983,"(59, 43, 44)",#3b2b2c
1983,984,"(59, 43, 44)",#3b2b2c
2062,985,"(59, 43, 44)",#3b2b2c
1918,986,"(190, 168, 153)",#bea899
1831,987,"(190, 168, 153)",#bea899
342,988,"(190, 168, 153)",#bea899
444,989,"(190, 168, 153)",#bea899
1979,990,"(190, 168, 153)",#bea899
2066,991,"(190, 168, 153)",#bea899
1916,992,"(190, 168, 153)",#bea899
1832,993,"(190, 168, 153)",#bea899
2221,994,"(190, 168, 153)",#bea899
2120,995,"(190, 168, 153)",#bea899
2271,996,"(190, 168, 153)",#bea899
2366,997,"(190, 168, 153)",#bea899
284,998,"(190, 168, 153)",#bea899
182,999,"(190, 168, 153)",#bea899
222,1000,"(190, 168, 153)",#bea899
247,1001,"(190, 168, 153)",#bea899
84,1002,"(190, 168, 153)",#bea899
67,1003,"(190, 168, 153)",#bea899
399,1004,"(190, 168, 153)",#bea899
386,1005,"(190, 168, 153)",#bea899
549,1006,"(190, 168, 153)",#bea899
555,1007,"(188, 166, 151)",#bca697
2023,1008,"(188, 166, 152)",#bca698
2021,1009,"(188, 166, 152)",#bca698
396,1010,"(4, 4, 9)",#040409
393,1011,"(5, 5, 13)",#05050d
543,1012,"(5, 5, 16)",#050510
556,1013,"(6, 7, 19)",#060713
225,1014,"(6, 8, 21)",#060815
240,1015,"(7, 8, 21)",#070815
90,1016,"(7, 9, 22)",#070916
66,1017,"(7, 9, 22)",#070916
2159,1018,"(7, 8, 21)",#070815
2181,1019,"(8, 10, 23)",#080a17
2033,1020,"(9, 11, 24)",#090b18
2014,1021,"(13, 16, 30)",#0d101e
1868,1022,"(14, 16, 31)",#0e101f
1879,1023,"(23, 26, 41)",#171a29
2164,1024,"(29, 34, 48)",#1d2230
2175,1025,"(35, 39, 53)",#232735
2323,1026,"(36, 40, 54)",#242836
2318,1027,"(32, 36, 50)",#202432
231,1028,"(32, 37, 51)",#202533
234,1029,"(37, 42, 55)",#252a37
2169,1030,"(26, 31, 48)",#1a1f30
2174,1031,"(34, 38, 50)",#222632
2326,1032,"(30, 34, 44)",#1e222c
2309,1033,"(42, 46, 53)",#2a2e35
2028,1034,"(116, 121, 119)",#747977
2015,1035,"(124, 129, 125)",#7c817d
1865,1036,"(120, 125, 121)",#787d79
1888,1037,"(120, 124, 120)",#787c78
405,1038,"(115, 120, 116)",#737874
380,1039,"(49, 52, 56)",#313438
1298,1040,"(6, 7, 7)",#060707
1285,1041,"(5, 6, 6)",#050606
1423,1042,"(5, 6, 6)",#050606
1446,1043,"(5, 6, 6)",#050606
1724,1044,"(6, 7, 7)",#060707
1729,1045,"(6, 7, 7)",#060707
1590,1046,"(6, 7, 7)",#060707
1576,1047,"(6, 7, 7)",#060707
700,1048,"(6, 6, 6)",#060606
706,1049,"(6, 6, 6)",#060606
1723,1050,"(6, 6, 6)",#060606
1734,1051,"(5, 5, 6)",#050506
1582,1052,"(6, 7, 7)",#060707
1579,1053,"(6, 7, 7)",#060707
1299,1054,"(6, 7, 7)",#060707
1280,1055,"(6, 7, 7)",#060707
1431,1056,"(6, 7, 7)",#060707
1443,1057,"(6, 6, 6)",#060606
1152,1058,"(6, 6, 6)",#060606
1134,1059,"(6, 6, 6)",#060606
699,1060,"(6, 6, 7)",#060607
710,1061,"(8, 9, 8)",#080908
861,1062,"(7, 7, 7)",#070707
840,1063,"(7, 7, 7)",#070707
1144,1064,"(6, 6, 7)",#060607
1141,1065,"(6, 6, 6)",#060606
992,1066,"(6, 6, 6)",#060606
1004,1067,"(5, 5, 6)",#050506
1293,1068,"(5, 5, 5)",#050505
1287,1069,"(36, 34, 35)",#242223
1151,1070,"(36, 34, 35)",#242223
1138,1071,"(36, 34, 35)",#242223
993,1072,"(36, 34, 35)",#242223
998,1073,"(37, 34, 35)",#252223
692,1074,"(36, 34, 35)",#242223
713,1075,"(36, 33, 35)",#242123
860,1076,"(36, 33, 35)",#242123
846,1077,"(36, 33, 34)",#242122
1718,1078,"(36, 33, 34)",#242122
1736,1079,"(36, 33, 34)",#242122
1452,1080,"(42, 40, 41)",#2a2829
1419,1081,"(42, 40, 40)",#2a2828
1275,1082,"(35, 33, 34)",#232122
1306,1083,"(38, 35, 36)",#262324
1567,1084,"(38, 34, 35)",#262223
1596,1085,"(38, 34, 35)",#262223
1740,1086,"(38, 34, 35)",#262223
1714,1087,"(38, 34, 35)",#262223
838,1088,"(38, 35, 36)",#262324
866,1089,"(38, 34, 35)",#262223
1568,1090,"(38, 35, 35)",#262323
1595,1091,"(38, 35, 36)",#262324
1742,1092,"(46, 43, 44)",#2e2b2c
1713,1093,"(42, 39, 40)",#2a2728
1451,1094,"(38, 35, 36)",#262324
1420,1095,"(38, 35, 37)",#262325
1273,1096,"(38, 35, 37)",#262325
1307,1097,"(38, 35, 36)",#262324
1014,1098,"(35, 32, 33)",#232021
980,1099,"(35, 32, 33)",#232021
637,1100,"(35, 31, 33)",#231f21
768,1101,"(56, 63, 60)",#383f3c
912,1102,"(60, 61, 57)",#3c3d39
793,1103,"(50, 50, 46)",#32322e
1204,1104,"(40, 40, 35)",#282823
1085,1105,"(36, 36, 32)",#242420
941,1106,"(31, 33, 30)",#1f211e
1049,1107,"(23, 23, 21)",#171715
1347,1108,"(23, 25, 22)",#171916
1235,1109,"(15, 18, 16)",#0f1210
1199,1110,"(11, 15, 13)",#0b0f0d
1086,1111,"(7, 9, 9)",#070909
938,1112,"(4, 7, 8)",#040708
1057,1113,"(4, 5, 5)",#040505
642,1114,"(4, 6, 8)",#040608
767,1115,"(58, 56, 50)",#3a3832
915,1116,"(60, 58, 51)",#3c3a33
785,1117,"(61, 59, 52)",#3d3b34
1662,1118,"(63, 60, 53)",#3f3c35
1794,1119,"(89, 83, 74)",#59534a
1355,1120,"(70, 64, 56)",#464038
1224,1121,"(89, 83, 74)",#59534a
1376,1122,"(90, 83, 74)",#5a534a
1497,1123,"(89, 82, 72)",#595248
1667,1124,"(71, 65, 56)",#474138
1790,1125,"(71, 65, 56)",#474138
1637,1126,"(90, 82, 71)",#5a5247
1522,1127,"(69, 63, 55)",#453f37
649,1128,"(72, 65, 57)",#484139
760,1129,"(92, 82, 71)",#5c5247
1670,1130,"(68, 62, 54)",#443e36
1783,1131,"(71, 65, 56)",#474138
1644,1132,"(71, 65, 56)",#474138
1521,1133,"(71, 65, 56)",#474138
1352,1134,"(55, 46, 52)",#372e34
1231,1135,"(55, 46, 52)",#372e34
1369,1136,"(55, 46, 52)",#372e34
1498,1137,"(54, 45, 52)",#362d34
1211,1138,"(54, 45, 52)",#362d34
1078,1139,"(54, 45, 52)",#362d34
2083,1140,"(54, 45, 52)",#362d34
1960,1141,"(55, 45, 52)",#372d34
1808,1142,"(54, 45, 52)",#362d34
1943,1143,"(54, 45, 52)",#362d34
2114,1144,"(54, 45, 52)",#362d34
2229,1145,"(55, 45, 52)",#372d34
2380,1146,"(58, 49, 54)",#3a3136
2254,1147,"(58, 49, 55)",#3a3137
168,1148,"(58, 49, 55)",#3a3137
300,1149,"(55, 46, 52)",#372e34
2107,1150,"(55, 46, 52)",#372e34
2232,1151,"(55, 46, 52)",#372e34
2379,1152,"(55, 46, 51)",#372e33
2260,1153,"(4, 4, 4)",#040404
2090,1154,"(4, 4, 4)",#040404
1957,1155,"(4, 4, 4)",#040404
1809,1156,"(4, 4, 4)",#040404
1937,1157,"(4, 4, 4)",#040404
466,1158,"(4, 4, 4)",#040404
322,1159,"(4, 4, 4)",#040404
163,1160,"(4, 4, 4)",#040404
302,1161,"(5, 5, 5)",#050505
148,1162,"(5, 5, 5)",#050505
7,1163,"(6, 6, 6)",#060606
460,1164,"(7, 6, 7)",#070607
329,1165,"(7, 7, 7)",#070707
483,1166,"(7, 7, 7)",#070707
615,1167,"(8, 8, 8)",#080808
2082,1168,"(9, 8, 9)",#090809
1964,1169,"(9, 9, 9)",#090909
461,1170,"(9, 9, 10)",#09090a
324,1171,"(10, 9, 10)",#0a090a
491,1172,"(9, 9, 10)",#09090a
612,1173,"(9, 9, 10)",#09090a
162,1174,"(9, 9, 10)",#09090a
307,1175,"(9, 9, 10)",#09090a
140,1176,"(9, 9, 10)",#09090a
10,1177,"(10, 9, 11)",#0a090b
2106,1178,"(10, 9, 11)",#0a090b
2236,1179,"(9, 9, 10)",#09090a
1948,1180,"(9, 9, 10)",#09090a
1801,1181,"(9, 9, 10)",#09090a
1951,1182,"(9, 9, 10)",#09090a
2094,1183,"(9, 9, 10)",#09090a
2247,1184,"(9, 9, 10)",#09090a
2390,1185,"(9, 9, 10)",#09090a
2240,1186,"(9, 9, 10)",#09090a
2102,1187,"(9, 9, 10)",#09090a
3,1188,"(9, 9, 11)",#09090b
149,1189,"(9, 9, 10)",#09090a
2248,1190,"(10, 9, 11)",#0a090b
2389,1191,"(10, 9, 11)",#0a090b
2241,1192,"(10, 9, 11)",#0a090b
2100,1193,"(10, 9, 11)",#0a090b
1947,1194,"(9, 9, 11)",#09090b
1802,1195,"(10, 9, 11)",#0a090b
1950,1196,"(10, 10, 11)",#0a0a0b
2096,1197,"(10, 10, 11)",#0a0a0b
626,1198,"(10, 10, 11)",#0a0a0b
474,1199,"(10, 10, 12)",#0a0a0c
107,1200,"(10, 10, 12)",#0a0a0c
48,1201,"(10, 10, 12)",#0a0a0c
196,1202,"(10, 10, 12)",#0a0a0c
269,1203,"(11, 10, 12)",#0b0a0c
526,1204,"(11, 10, 12)",#0b0a0c
573,1205,"(11, 10, 12)",#0b0a0c
425,1206,"(11, 10, 12)",#0b0a0c
366,1207,"(173, 174, 182)",#adaeb6
1850,1208,"(173, 174, 182)",#adaeb6
1897,1209,"(173, 174, 182)",#adaeb6
525,1210,"(173, 174, 182)",#adaeb6
578,1211,"(173, 174, 182)",#adaeb6
416,1212,"(173, 174, 182)",#adaeb6
369,1213,"(173, 174, 182)",#adaeb6
108,1214,"(173, 174, 182)",#adaeb6
43,1215,"(173, 174, 182)",#adaeb6
205,1216,"(173, 174, 182)",#adaeb6
266,1217,"(173, 174, 182)",#adaeb6
2346,1218,"(173, 174, 182)",#adaeb6
2289,1219,"(173, 174, 182)",#adaeb6
1849,1220,"(173, 175, 182)",#adafb6
1902,1221,"(173, 175, 182)",#adafb6
2053,1222,"(175, 176, 183)",#afb0b7
1990,1223,"(174, 175, 182)",#aeafb6
2338,1224,"(174, 175, 182)",#aeafb6
2297,1225,"(174, 175, 182)",#aeafb6
2148,1226,"(175, 176, 184)",#afb0b8
2197,1227,"(175, 176, 184)",#afb0b8
101,1228,"(175, 176, 184)",#afb0b8
50,1229,"(175, 176, 184)",#afb0b8
2345,1230,"(175, 176, 184)",#afb0b8
2294,1231,"(175, 176, 184)",#afb0b8
2149,1232,"(175, 176, 184)",#afb0b8
2190,1233,"(175, 176, 184)",#afb0b8
1842,1234,"(41, 21, 22)",#291516
1905,1235,"(42, 21, 23)",#2a1517
2052,1236,"(42, 21, 23)",#2a1517
1997,1237,"(42, 21, 23)",#2a1517
519,1238,"(42, 21, 23)",#2a1517
580,1239,"(42, 21, 23)",#2a1517
1405,1240,"(42, 22, 23)",#2a1617
1468,1241,"(42, 22, 23)",#2a1617
1318,1242,"(42, 22, 23)",#2a1617
1261,1243,"(42, 22, 23)",#2a1617
1604,1244,"(42, 22, 23)",#2a1617
1557,1245,"(41, 21, 22)",#291516
1708,1246,"(42, 22, 23)",#2a1617
1751,1247,"(42, 22, 23)",#2a1617
870,1248,"(42, 22, 24)",#2a1618
831,1249,"(42, 22, 23)",#2a1617
1601,1250,"(42, 22, 23)",#2a1617
1564,1251,"(42, 22, 24)",#2a1618
1701,1252,"(42, 22, 23)",#2a1617
1752,1253,"(41, 21, 23)",#291517
1408,1254,"(42, 22, 24)",#2a1618
1461,1255,"(42, 22, 23)",#2a1617
1325,1256,"(42, 22, 24)",#2a1618
1260,1257,"(42, 22, 24)",#2a1618
965,1258,"(42, 22, 24)",#2a1618
1026,1259,"(42, 22, 24)",#2a1618
882,1260,"(42, 22, 24)",#2a1618
823,1261,"(42, 22, 24)",#2a1618
677,1262,"(42, 22, 24)",#2a1618
727,1263,"(42, 22, 23)",#2a1617
972,1264,"(42, 22, 24)",#2a1618
1019,1265,"(42, 22, 24)",#2a1618
1164,1266,"(42, 22, 24)",#2a1618
1126,1267,"(42, 22, 24)",#2a1618
1416,1268,"(42, 22, 24)",#2a1618
1453,1269,"(42, 22, 24)",#2a1618
977,1270,"(42, 22, 24)",#2a1618
1018,1271,"(42, 22, 24)",#2a1618
1167,1272,"(42, 22, 24)",#2a1618
1116,1273,"(42, 22, 24)",#2a1618
877,1274,"(42, 22, 24)",#2a1618
824,1275,"(42, 22, 24)",#2a1618
674,1276,"(42, 22, 23)",#2a1617
737,1277,"(41, 21, 23)",#291517
1610,1278,"(42, 21, 23)",#2a1517
1549,1279,"(42, 21, 23)",#2a1517
1252,1280,"(42, 21, 23)",#2a1517
1329,1281,"(42, 21, 23)",#2a1517
1474,1282,"(35, 21, 33)",#231521
1398,1283,"(35, 21, 33)",#231521
1764,1284,"(35, 21, 33)",#231521
1691,1285,"(34, 21, 33)",#221521
1546,1286,"(34, 21, 33)",#221521
1617,1287,"(34, 21, 34)",#221522
740,1288,"(34, 21, 34)",#221522
668,1289,"(34, 21, 34)",#221522
1765,1290,"(34, 21, 34)",#221522
1690,1291,"(34, 21, 34)",#221522
1548,1292,"(34, 21, 34)",#221522
1616,1293,"(34, 21, 34)",#221522
1251,1294,"(34, 21, 34)",#221522
1330,1295,"(34, 21, 34)",#221522
1472,1296,"(34, 21, 34)",#221522
1399,1297,"(34, 21, 34)",#221522
1107,1298,"(34, 21, 34)",#221522
1181,1299,"(34, 21, 33)",#221521
892,1300,"(34, 21, 33)",#221521
809,1301,"(34, 20, 33)",#221421
656,1302,"(34, 20, 33)",#221421
753,1303,"(33, 20, 33)",#211421
959,1304,"(33, 20, 33)",#211421
1036,1305,"(33, 20, 33)",#211421
1186,1306,"(33, 20, 33)",#211421
1098,1307,"(33, 20, 33)",#211421
1395,1308,"(33, 20, 33)",#211421
1477,1309,"(33, 20, 33)",#211421
954,1310,"(33, 20, 33)",#211421
1037,1311,"(33, 21, 33)",#211521
1185,1312,"(33, 20, 33)",#211421
1104,1313,"(33, 20, 33)",#211421
897,1314,"(33, 20, 33)",#211421
808,1315,"(33, 20, 33)",#211421
657,1316,"(33, 20, 33)",#211421
747,1317,"(33, 21, 33)",#211521
1628,1318,"(33, 21, 33)",#211521
1536,1319,"(33, 21, 33)",#211521
1391,1320,"(33, 21, 33)",#211521
1478,1321,"(33, 21, 33)",#211521
1341,1322,"(33, 20, 33)",#211421
1242,1323,"(33, 20, 33)",#211421
1623,1324,"(33, 20, 33)",#211421
1542,1325,"(33, 20, 33)",#211421
1681,1326,"(33, 20, 33)",#211421
1771,1327,"(33, 20, 33)",#211421
891,1328,"(33, 21, 33)",#211521
813,1329,"(33, 21, 33)",#211521
1624,1330,"(33, 21, 33)",#211521
1537,1331,"(33, 20, 33)",#211421
1687,1332,"(33, 21, 33)",#211521
1770,1333,"(33, 20, 33)",#211421
1390,1334,"(33, 20, 33)",#211421
1483,1335,"(33, 20, 33)",#211421
1335,1336,"(33, 20, 33)",#211421
1243,1337,"(33, 20, 33)",#211421
953,1338,"(33, 20, 33)",#211421
1041,1339,"(33, 20, 33)",#211421
1824,1340,"(33, 20, 33)",#211421
1923,1341,"(33, 20, 33)",#211421
2070,1342,"(33, 20, 33)",#211421
1977,1343,"(33, 20, 33)",#211421
2364,1344,"(33, 20, 33)",#211421
2275,1345,"(4, 4, 4)",#040404
2128,1346,"(4, 4, 4)",#040404
2210,1347,"(4, 4, 4)",#040404
123,1348,"(4, 4, 4)",#040404
31,1349,"(4, 4, 4)",#040404
2359,1350,"(4, 4, 4)",#040404
2276,1351,"(4, 4, 4)",#040404
2127,1352,"(4, 4, 4)",#040404
2216,1353,"(4, 4, 4)",#040404
1829,1354,"(4, 4, 4)",#040404
1922,1355,"(4, 4, 4)",#040404
2071,1356,"(4, 4, 4)",#040404
1971,1357,"(4, 4, 4)",#040404
498,1358,"(4, 4, 4)",#040404
604,1359,"(4, 4, 4)",#040404
128,1360,"(4, 4, 4)",#040404
23,1361,"(4, 4, 4)",#040404
183,1362,"(5, 5, 6)",#050506
287,1363,"(10, 10, 11)",#0a0a0b
502,1364,"(13, 12, 13)",#0d0c0d
601,1365,"(17, 16, 18)",#111012
440,1366,"(20, 19, 21)",#141315
344,1367,"(23, 22, 24)",#171618
1834,1368,"(27, 25, 28)",#1b191c
1917,1369,"(29, 28, 30)",#1d1c1e
503,1370,"(34, 32, 35)",#222023
596,1371,"(38, 35, 38)",#262326
447,1372,"(41, 38, 41)",#292629
343,1373,"(45, 41, 44)",#2d292c
127,1374,"(49, 44, 48)",#312c30
28,1375,"(52, 49, 53)",#343135
176,1376,"(56, 52, 57)",#383439
288,1377,"(59, 54, 58)",#3b363a
2369,1378,"(63, 58, 62)",#3f3a3e
2270,1379,"(66, 60, 64)",#423c40
1968,1380,"(70, 63, 68)",#463f44
2077,1381,"(73, 67, 71)",#494347
1930,1382,"(76, 69, 74)",#4c454a
1818,1383,"(80, 73, 78)",#50494e
2223,1384,"(84, 77, 81)",#544d51
2118,1385,"(87, 80, 85)",#575055
2265,1386,"(91, 83, 88)",#5b5358
2372,1387,"(94, 86, 91)",#5e565b
293,1388,"(98, 89, 95)",#62595f
173,1389,"(101, 92, 97)",#655c61
2224,1390,"(106, 97, 102)",#6a6166
2117,1391,"(106, 97, 102)",#6a6166
2266,1392,"(106, 97, 102)",#6a6166
2370,1393,"(106, 97, 102)",#6a6166
1967,1394,"(106, 97, 102)",#6a6166
2078,1395,"(106, 97, 102)",#6a6166
1929,1396,"(106, 97, 102)",#6a6166
1820,1397,"(106, 97, 102)",#6a6166
332,1398,"(106, 97, 102)",#6a6166
454,1399,"(105, 96, 101)",#696065
442,1400,"(105, 96, 101)",#696065
346,1401,"(106, 97, 102)",#6a6166
500,1402,"(106, 97, 102)",#6a6166
600,1403,"(106, 97, 102)",#6a6166
180,1404,"(106, 97, 102)",#6a6166
286,1405,"(106, 97, 102)",#6a6166
130,1406,"(106, 97, 102)",#6a6166
24,1407,"(106, 97, 102)",#6a6166
2119,1408,"(105, 96, 101)",#696065
2222,1409,"(105, 96, 101)",#696065
178,1410,"(105, 97, 102)",#696166
290,1411,"(105, 96, 101)",#696065
125,1412,"(105, 97, 102)",#696166
27,1413,"(105, 97, 102)",#696166
445,1414,"(105, 97, 102)",#696166
341,1415,"(105, 97, 102)",#696166
505,1416,"(148, 137, 138)",#94898a
597,1417,"(147, 137, 137)",#938989
2063,1418,"(146, 136, 137)",#928889
1982,1419,"(146, 136, 136)",#928888
2130,1420,"(145, 135, 136)",#918788
2212,1421,"(145, 135, 136)",#918788
2362,1422,"(145, 135, 135)",#918787
2274,1423,"(145, 135, 135)",#918787
2068,1424,"(145, 135, 136)",#918788
1976,1425,"(145, 135, 135)",#918787
1826,1426,"(144, 135, 135)",#908787
1924,1427,"(138, 129, 129)",#8a8181
450,1428,"(129, 121, 121)",#817979
337,1429,"(120, 113, 112)",#787170
2073,1430,"(111, 104, 104)",#6f6868
1973,1431,"(103, 97, 96)",#676160
1827,1432,"(94, 88, 87)",#5e5857
1921,1433,"(86, 80, 79)",#56504f
2125,1434,"(76, 71, 70)",#4c4746
2215,1435,"(68, 63, 64)",#443f40
2361,1436,"(59, 55, 55)",#3b3737
2277,1437,"(45, 43, 43)",#2d2b2b
186,1438,"(35, 33, 33)",#232121
281,1439,"(26, 24, 24)",#1a1818
1683,1440,"(17, 16, 17)",#111011
1773,1441,"(10, 10, 10)",#0a0a0a
1622,1442,"(4, 4, 4)",#040404
1540,1443,"(162, 153, 135)",#a29987
1340,1444,"(15, 20, 36)",#0f1424
1240,1445,"(16, 21, 37)",#101525
1392,1446,"(16, 22, 38)",#101626
1480,1447,"(18, 23, 39)",#121727
1191,1448,"(15, 21, 38)",#0f1526
1096,1449,"(14, 19, 36)",#0e1324
1337,1450,"(15, 21, 37)",#0f1525
1245,1451,"(27, 34, 50)",#1b2232
1389,1452,"(43, 50, 64)",#2b3240
1481,1453,"(57, 64, 77)",#39404d
1686,1454,"(100, 106, 119)",#646a77
1768,1455,"(100, 105, 118)",#646976
1625,1456,"(116, 121, 133)",#747985
1539,1457,"(11, 12, 28)",#0b0c1c
662,1458,"(11, 12, 28)",#0b0c1c
745,1459,"(11, 12, 27)",#0b0c1b
1188,1460,"(9, 10, 26)",#090a1a
1100,1461,"(9, 9, 25)",#090919
958,1462,"(9, 9, 25)",#090919
1034,1463,"(9, 9, 25)",#090919
655,1464,"(9, 8, 24)",#090818
751,1465,"(9, 8, 24)",#090818
893,1466,"(9, 8, 24)",#090818
811,1467,"(8, 8, 23)",#080817
1680,1468,"(165, 156, 135)",#a59c87
1775,1469,"(165, 156, 135)",#a59c87
659,1470,"(165, 156, 135)",#a59c87
749,1471,"(9, 9, 23)",#090917
896,1472,"(10, 9, 23)",#0a0917
806,1473,"(9, 8, 22)",#090816
1184,1474,"(10, 9, 23)",#0a0917
1102,1475,"(40, 31, 29)",#281f1d
955,1476,"(41, 31, 29)",#291f1d
1039,1477,"(40, 31, 29)",#281f1d
1334,1478,"(40, 31, 29)",#281f1d
1247,1479,"(41, 31, 29)",#291f1d
1532,1480,"(41, 31, 29)",#291f1d
1631,1481,"(42, 31, 29)",#2a1f1d
1780,1482,"(42, 31, 29)",#2a1f1d
1675,1483,"(42, 31, 29)",#2a1f1d
1486,1484,"(42, 32, 29)",#2a201d
1385,1485,"(43, 32, 29)",#2b201d
1236,1486,"(43, 32, 30)",#2b201e
1345,1487,"(43, 32, 30)",#2b201e
1046,1488,"(43, 32, 29)",#2b201d
947,1489,"(43, 32, 29)",#2b201d
1488,1490,"(43, 32, 29)",#2b201d
1383,1491,"(43, 32, 29)",#2b201d
1237,1492,"(43, 32, 30)",#2b201e
1344,1493,"(35, 15, 19)",#230f13
1531,1494,"(35, 15, 19)",#230f13
1632,1495,"(36, 15, 19)",#240f13
1779,1496,"(36, 15, 19)",#240f13
1676,1497,"(36, 15, 19)",#240f13
804,1498,"(36, 15, 19)",#240f13
899,1499,"(36, 15, 19)",#240f13
1161,1500,"(36, 15, 19)",#240f13
1124,1501,"(37, 15, 19)",#250f13
974,1502,"(37, 15, 19)",#250f13
1021,1503,"(37, 15, 20)",#250f14
680,1504,"(38, 15, 20)",#260f14
729,1505,"(38, 15, 20)",#260f14
880,1506,"(38, 15, 20)",#260f14
821,1507,"(38, 15, 20)",#260f14
1693,1508,"(37, 15, 20)",#250f14
1762,1509,"(37, 15, 20)",#250f14
670,1510,"(37, 15, 20)",#250f14
735,1511,"(37, 15, 20)",#250f14
879,1512,"(37, 15, 20)",#250f14
826,1513,"(37, 15, 20)",#250f14
1169,1514,"(27, 19, 31)",#1b131f
1120,1515,"(28, 20, 32)",#1c1420
975,1516,"(29, 20, 32)",#1d1420
1016,1517,"(29, 20, 32)",#1d1420
1309,1518,"(27, 19, 32)",#1b1320
1272,1519,"(26, 19, 31)",#1a131f
1704,1520,"(26, 18, 31)",#1a121f
1749,1521,"(25, 18, 31)",#19121f
1606,1522,"(26, 18, 31)",#1a121f
1559,1523,"(26, 18, 31)",#1a121f
1320,1524,"(26, 18, 31)",#1a121f
1263,1525,"(26, 18, 31)",#1a121f
1403,1526,"(26, 18, 31)",#1a121f
1466,1527,"(26, 19, 31)",#1a131f
1175,1528,"(26, 19, 31)",#1a131f
1112,1529,"(39, 27, 26)",#271b1a
1322,1530,"(39, 27, 26)",#271b1a
1257,1531,"(38, 26, 26)",#261a1a
1410,1532,"(37, 26, 26)",#251a1a
1463,1533,"(37, 27, 27)",#251b1b
1703,1534,"(40, 29, 29)",#281d1d
1754,1535,"(41, 30, 31)",#291e1f
1599,1536,"(45, 35, 35)",#2d2323
1562,1537,"(46, 37, 37)",#2e2525
685,1538,"(47, 38, 38)",#2f2626
722,1539,"(46, 37, 38)",#2e2526
2145,1540,"(46, 37, 38)",#2e2526
2194,1541,"(46, 37, 38)",#2e2526
2340,1542,"(45, 36, 38)",#2d2426
2299,1543,"(44, 36, 38)",#2c2426
2055,1544,"(191, 193, 192)",#bfc1c0
1992,1545,"(189, 192, 190)",#bdc0be
1847,1546,"(187, 190, 188)",#bbbebc
1900,1547,"(184, 187, 185)",#b8bbb9
427,1548,"(40, 32, 34)",#282022
360,1549,"(46, 36, 36)",#2e2424
2050,1550,"(45, 36, 35)",#2d2423
1993,1551,"(45, 35, 34)",#2d2322
1844,1552,"(37, 26, 27)",#251a1b
1907,1553,"(37, 25, 27)",#25191b
2151,1554,"(36, 25, 27)",#24191b
2192,1555,"(36, 25, 27)",#24191b
2343,1556,"(36, 25, 27)",#24191b
2292,1557,"(39, 28, 29)",#271c1d
208,1558,"(36, 25, 27)",#24191b
259,1559,"(39, 28, 30)",#271c1e
423,1560,"(39, 28, 30)",#271c1e
362,1561,"(40, 28, 30)",#281c1e
528,1562,"(40, 29, 30)",#281d1e
575,1563,"(40, 29, 30)",#281d1e
198,1564,"(35, 25, 28)",#23191c
271,1565,"(39, 29, 30)",#271d1e
105,1566,"(39, 29, 30)",#271d1e
46,1567,"(35, 25, 27)",#23191b
2142,1568,"(35, 25, 27)",#23191b
2199,1569,"(39, 29, 30)",#271d1e
202,1570,"(34, 25, 28)",#22191c
263,1571,"(39, 29, 31)",#271d1f
110,1572,"(41, 31, 32)",#291f20
45,1573,"(41, 31, 32)",#291f20
418,1574,"(41, 31, 33)",#291f21
371,1575,"(32, 23, 27)",#20171b
523,1576,"(41, 31, 33)",#291f21
576,1577,"(32, 24, 27)",#20181b
2045,1578,"(41, 32, 34)",#292022
2000,1579,"(42, 33, 35)",#2a2123
2284,1580,"(42, 33, 35)",#2a2123
2353,1581,"(43, 34, 36)",#2b2224
2206,1582,"(43, 35, 37)",#2b2325
2135,1583,"(113, 112, 108)",#71706c
1911,1584,"(113, 112, 108)",#71706c
1838,1585,"(113, 112, 108)",#71706c
1984,1586,"(113, 112, 108)",#71706c
2061,1587,"(113, 112, 108)",#71706c
594,1588,"(113, 112, 108)",#71706c
507,1589,"(113, 112, 108)",#71706c
1912,1590,"(113, 112, 108)",#71706c
1837,1591,"(113, 111, 108)",#716f6c
1985,1592,"(113, 111, 108)",#716f6c
2060,1593,"(113, 112, 108)",#71706c
2281,1594,"(113, 111, 107)",#716f6b
2356,1595,"(113, 111, 108)",#716f6c
2205,1596,"(113, 111, 108)",#716f6c
2136,1597,"(113, 111, 107)",#716f6b
38,1598,"(113, 111, 107)",#716f6b
115,1599,"(112, 111, 107)",#706f6b
485,1600,"(112, 111, 107)",#706f6b
618,1601,"(113, 111, 107)",#716f6b
458,1602,"(113, 111, 107)",#716f6b
327,1603,"(113, 111, 107)",#716f6b
146,1604,"(113, 111, 107)",#716f6b
5,1605,"(113, 111, 107)",#716f6b
165,1606,"(113, 111, 107)",#716f6b
304,1607,"(112, 110, 107)",#706e6b
2385,1608,"(112, 110, 107)",#706e6b
2252,1609,"(112, 110, 107)",#706e6b
142,1610,"(112, 110, 106)",#706e6a
13,1611,"(112, 110, 106)",#706e6a
160,1612,"(112, 110, 106)",#706e6a
305,1613,"(112, 109, 106)",#706d6a
489,1614,"(134, 125, 116)",#867d74
610,1615,"(134, 125, 116)",#867d74
463,1616,"(134, 125, 115)",#867d73
326,1617,"(133, 125, 115)",#857d73
1814,1618,"(133, 125, 115)",#857d73
1935,1619,"(133, 125, 115)",#857d73
2382,1620,"(133, 125, 115)",#857d73
2257,1621,"(133, 125, 115)",#857d73
2112,1622,"(134, 125, 115)",#867d73
2227,1623,"(133, 125, 115)",#857d73
1806,1624,"(134, 125, 115)",#867d73
1941,1625,"(136, 127, 118)",#887f76
2085,1626,"(136, 127, 118)",#887f76
1962,1627,"(136, 127, 119)",#887f77
481,1628,"(136, 127, 118)",#887f76
620,1629,"(134, 125, 116)",#867d74
1811,1630,"(134, 125, 116)",#867d74
1940,1631,"(71, 57, 53)",#473935
2088,1632,"(71, 56, 52)",#473834
1955,1633,"(72, 57, 53)",#483935
2377,1634,"(72, 57, 53)",#483935
2258,1635,"(73, 57, 53)",#493935
2109,1636,"(73, 57, 53)",#493935
2234,1637,"(74, 57, 53)",#4a3935
138,1638,"(96, 75, 70)",#604b46
15,1639,"(77, 59, 54)",#4d3b36
1640,1640,"(78, 59, 55)",#4e3b37
1525,1641,"(78, 59, 55)",#4e3b37
1665,1642,"(78, 59, 55)",#4e3b37
1788,1643,"(74, 57, 53)",#4a3935
1374,1644,"(74, 58, 54)",#4a3a36
1495,1645,"(74, 58, 54)",#4a3a36
1357,1646,"(75, 58, 54)",#4b3a36
1226,1647,"(88, 71, 66)",#584742
932,1648,"(88, 71, 66)",#584742
1061,1649,"(88, 72, 67)",#584843
1373,1650,"(89, 72, 67)",#594843
1500,1651,"(89, 72, 67)",#594843
1350,1652,"(89, 72, 67)",#594843
1229,1653,"(89, 72, 67)",#594843
1642,1654,"(89, 72, 67)",#594843
1519,1655,"(89, 72, 67)",#594843
1672,1656,"(89, 72, 67)",#594843
1785,1657,"(89, 72, 67)",#594843
905,1658,"(89, 72, 67)",#594843
798,1659,"(89, 72, 67)",#594843
944,1660,"(45, 50, 58)",#2d323a
1051,1661,"(47, 54, 62)",#2f363e
1202,1662,"(47, 53, 61)",#2f353d
1083,1663,"(42, 47, 56)",#2a2f38
910,1664,"(45, 51, 60)",#2d333c
791,1665,"(45, 51, 59)",#2d333b
639,1666,"(41, 45, 54)",#292d36
770,1667,"(45, 51, 59)",#2d333b
1649,1668,"(45, 52, 60)",#2d343c
1514,1669,"(46, 52, 60)",#2e343c
918,1670,"(47, 53, 61)",#2f353d
787,1671,"(51, 58, 67)",#333a43
640,1672,"(52, 59, 68)",#343b44
765,1673,"(53, 60, 68)",#353c44
936,1674,"(77, 90, 100)",#4d5a64
1055,1675,"(78, 91, 100)",#4e5b64
1201,1676,"(34, 27, 26)",#221b1a
1088,1677,"(34, 27, 26)",#221b1a
1381,1678,"(34, 27, 26)",#221b1a
1490,1679,"(34, 27, 26)",#221b1a
1797,1680,"(34, 27, 26)",#221b1a
1658,1681,"(34, 27, 26)",#221b1a
1513,1682,"(34, 27, 26)",#221b1a
1650,1683,"(39, 31, 29)",#271f1d
1219,1684,"(34, 27, 26)",#221b1a
1362,1685,"(34, 27, 26)",#221b1a
1507,1686,"(34, 27, 26)",#221b1a
1364,1687,"(34, 27, 26)",#221b1a
1070,1688,"(87, 81, 70)",#575146
1217,1689,"(87, 81, 70)",#575146
1220,1690,"(88, 82, 70)",#585246
1361,1691,"(91, 84, 73)",#5b5449
1508,1692,"(91, 84, 73)",#5b5449
1363,1693,"(91, 84, 73)",#5b5449
1795,1694,"(91, 84, 73)",#5b5449
1660,1695,"(91, 84, 73)",#5b5449
1512,1696,"(91, 84, 73)",#5b5449
1651,1697,"(92, 84, 73)",#5c5449
775,1698,"(97, 88, 77)",#61584d
632,1699,"(88, 82, 71)",#585247
989,1700,"(142, 119, 104)",#8e7768
1002,1701,"(142, 119, 104)",#8e7768
1146,1702,"(142, 119, 104)",#8e7768
1143,1703,"(129, 107, 96)",#816b60
863,1704,"(129, 107, 96)",#816b60
842,1705,"(129, 107, 96)",#816b60
697,1706,"(129, 107, 96)",#816b60
708,1707,"(129, 107, 96)",#816b60
1591,1708,"(142, 119, 104)",#8e7768
1572,1709,"(129, 107, 96)",#816b60
857,1710,"(143, 119, 104)",#8f7768
844,1711,"(129, 107, 96)",#816b60
694,1712,"(136, 114, 103)",#887267
715,1713,"(136, 115, 103)",#887367
995,1714,"(136, 115, 103)",#887367
1000,1715,"(136, 114, 103)",#887267
1149,1716,"(40, 43, 49)",#282b31
1136,1717,"(40, 43, 49)",#282b31
1432,1718,"(40, 43, 49)",#282b31
1439,1719,"(41, 43, 49)",#292b31
1587,1720,"(41, 43, 49)",#292b31
1574,1721,"(41, 43, 50)",#292b32
1726,1722,"(41, 43, 50)",#292b32
1731,1723,"(41, 43, 50)",#292b32
1425,1724,"(41, 43, 50)",#292b32
1448,1725,"(41, 43, 50)",#292b32
1296,1726,"(41, 44, 50)",#292c32
1283,1727,"(41, 44, 50)",#292c32
986,1728,"(41, 44, 50)",#292c32
1007,1729,"(41, 44, 51)",#292c33
1428,1730,"(41, 44, 51)",#292c33
1441,1731,"(41, 44, 51)",#292c33
1301,1732,"(41, 44, 51)",#292c33
1282,1733,"(41, 44, 51)",#292c33
1584,1734,"(68, 53, 52)",#443534
1581,1735,"(68, 53, 52)",#443534
1721,1736,"(68, 53, 52)",#443534
1732,1737,"(69, 53, 53)",#453535
854,1738,"(69, 53, 53)",#453535
849,1739,"(69, 53, 53)",#453535
2321,1740,"(69, 53, 53)",#453535
2314,1741,"(69, 53, 53)",#453535
2166,1742,"(69, 53, 53)",#453535
2177,1743,"(69, 53, 53)",#453535
1870,1744,"(69, 53, 53)",#453535
1881,1745,"(69, 53, 53)",#453535
2031,1746,"(69, 53, 53)",#453535
2012,1747,"(69, 53, 53)",#453535
537,1748,"(69, 53, 53)",#453535
564,1749,"(69, 54, 53)",#453635
1862,1750,"(70, 54, 54)",#463636
1885,1751,"(70, 54, 54)",#463636
2030,1752,"(70, 54, 54)",#463636
2017,1753,"(70, 54, 54)",#463636
2328,1754,"(39, 41, 53)",#272935
2311,1755,"(39, 41, 53)",#272935
2167,1756,"(39, 41, 53)",#272935
2172,1757,"(39, 41, 53)",#272935
79,1758,"(43, 44, 54)",#2b2c36
74,1759,"(43, 44, 54)",#2b2c36
547,1760,"(41, 42, 52)",#292a34
552,1761,"(43, 43, 54)",#2b2b36
401,1762,"(43, 43, 54)",#2b2b36
388,1763,"(43, 44, 54)",#2b2c36
86,1764,"(43, 44, 54)",#2b2c36
69,1765,"(43, 44, 54)",#2b2c36
220,1766,"(68, 46, 47)",#442e2f
245,1767,"(70, 48, 49)",#463031
2332,1768,"(70, 48, 49)",#463031
2305,1769,"(71, 48, 49)",#473031
88,1770,"(71, 48, 49)",#473031
63,1771,"(71, 48, 49)",#473031
227,1772,"(71, 48, 49)",#473031
242,1773,"(71, 48, 49)",#473031
545,1774,"(71, 48, 49)",#473031
558,1775,"(72, 48, 49)",#483031
394,1776,"(72, 48, 50)",#483032
391,1777,"(72, 48, 50)",#483032
1874,1778,"(72, 48, 50)",#483032
1875,1779,"(72, 48, 50)",#483032
2184,1780,"(72, 48, 50)",#483032
2157,1781,"(72, 48, 50)",#483032
2304,1782,"(72, 48, 50)",#483032
2333,1783,"(72, 48, 50)",#483032
2005,1784,"(51, 53, 46)",#33352e
2040,1785,"(50, 52, 44)",#32342c
1892,1786,"(50, 52, 44)",#32342c
1857,1787,"(48, 51, 42)",#30332a
375,1788,"(48, 51, 41)",#303329
412,1789,"(50, 53, 47)",#32352f
2007,1790,"(51, 53, 44)",#33352c
2038,1791,"(56, 57, 53)",#383935
1893,1792,"(55, 56, 48)",#373830
1856,1793,"(52, 53, 44)",#34352c
2183,1794,"(51, 54, 47)",#33362f
2158,1795,"(51, 54, 47)",#33362f
2303,1796,"(52, 54, 44)",#34362c
2334,1797,"(50, 53, 46)",#32352e
250,1798,"(50, 53, 46)",#32352e
217,1799,"(52, 54, 48)",#343630
1954,1800,"(49, 52, 42)",#31342a
2091,1801,"(56, 57, 52)",#383934
1946,1802,"(51, 54, 45)",#33362d
1803,1803,"(144, 112, 100)",#907064
2242,1804,"(143, 111, 99)",#8f6f63
2099,1805,"(138, 104, 91)",#8a685b
2245,1806,"(137, 103, 91)",#89675b
2392,1807,"(138, 104, 93)",#8a685d
312,1808,"(138, 105, 94)",#8a695e
155,1809,"(139, 107, 95)",#8b6b5f
2244,1810,"(139, 107, 96)",#8b6b60
2097,1811,"(22, 19, 23)",#161317
2246,1812,"(22, 19, 23)",#161317
2391,1813,"(139, 108, 96)",#8b6c60
1953,1814,"(23, 20, 24)",#171418
2092,1815,"(143, 114, 102)",#8f7266
1945,1816,"(23, 20, 24)",#171418
1804,1817,"(23, 20, 24)",#171418
318,1818,"(32, 25, 27)",#20191b
469,1819,"(35, 55, 44)",#23372c
309,1820,"(36, 55, 44)",#24372c
158,1821,"(31, 48, 38)",#1f3026
2,1822,"(30, 47, 37)",#1e2f25
151,1823,"(30, 47, 37)",#1e2f25
315,1824,"(30, 47, 38)",#1e2f26
472,1825,"(38, 60, 47)",#263c2f
627,1826,"(39, 60, 48)",#273c30
475,1827,"(38, 60, 47)",#263c2f
1949,1828,"(36, 56, 44)",#24382c
2095,1829,"(36, 56, 44)",#24382c
314,1830,"(38, 60, 47)",#263c2f
473,1831,"(38, 60, 48)",#263c30
625,1832,"(38, 60, 48)",#263c30
476,1833,"(38, 60, 48)",#263c30
310,1834,"(38, 60, 48)",#263c30
157,1835,"(38, 60, 48)",#263c30
4,1836,"(38, 60, 48)",#263c30
150,1837,"(38, 60, 48)",#263c30
2239,1838,"(67, 64, 66)",#434042
2101,1839,"(67, 64, 67)",#434043
774,1840,"(68, 64, 67)",#444043
633,1841,"(68, 64, 67)",#444043
784,1842,"(68, 64, 67)",#444043
919,1843,"(68, 65, 67)",#444143
1069,1844,"(68, 65, 67)",#444143
1218,1845,"(68, 65, 67)",#444143
1066,1846,"(68, 65, 67)",#444143
927,1847,"(68, 65, 67)",#444143
1221,1848,"(68, 65, 67)",#444143
1360,1849,"(68, 65, 67)",#444143
1071,1850,"(68, 65, 68)",#444144
1216,1851,"(68, 65, 68)",#444144
1068,1852,"(69, 65, 68)",#454144
925,1853,"(69, 65, 68)",#454144
773,1854,"(48, 33, 30)",#30211e
634,1855,"(48, 33, 30)",#30211e
782,1856,"(48, 33, 30)",#30211e
922,1857,"(48, 33, 30)",#30211e
1796,1858,"(48, 33, 30)",#30211e
1659,1859,"(48, 33, 30)",#30211e
1222,1860,"(48, 33, 30)",#30211e
1359,1861,"(48, 33, 30)",#30211e
1504,1862,"(48, 33, 30)",#30211e
1366,1863,"(49, 33, 30)",#31211e
1800,1864,"(49, 33, 30)",#31211e
1655,1865,"(49, 33, 30)",#31211e
1511,1866,"(49, 33, 30)",#31211e
1652,1867,"(49, 33, 30)",#31211e
777,1868,"(49, 33, 31)",#31211f
629,1869,"(58, 59, 58)",#3a3b3a
1799,1870,"(59, 58, 58)",#3b3a3a
1656,1871,"(58, 59, 58)",#3a3b3a
1509,1872,"(58, 59, 58)",#3a3b3a
1653,1873,"(59, 59, 58)",#3b3b3a
1223,1874,"(59, 59, 59)",#3b3b3b
1358,1875,"(59, 59, 59)",#3b3b3b
1506,1876,"(59, 59, 59)",#3b3b3b
1365,1877,"(59, 59, 59)",#3b3b3b
1073,1878,"(59, 59, 59)",#3b3b3b
1213,1879,"(60, 59, 59)",#3c3b3b
906,1880,"(60, 58, 59)",#3c3a3b
797,1881,"(60, 59, 59)",#3c3b3b
645,1882,"(60, 58, 59)",#3c3a3b
763,1883,"(60, 59, 59)",#3c3b3b
933,1884,"(60, 58, 59)",#3c3a3b
1060,1885,"(61, 58, 59)",#3d3a3b
1210,1886,"(61, 58, 59)",#3d3a3b
1076,1887,"(42, 14, 28)",#2a0e1c
1371,1888,"(43, 14, 28)",#2b0e1c
1502,1889,"(43, 14, 28)",#2b0e1c
931,1890,"(43, 14, 28)",#2b0e1c
1062,1891,"(44, 14, 28)",#2c0e1c
1207,1892,"(22, 13, 24)",#160d18
1081,1893,"(43, 14, 28)",#2b0e1c
908,1894,"(43, 13, 28)",#2b0d1c
795,1895,"(43, 13, 28)",#2b0d1c
648,1896,"(43, 13, 28)",#2b0d1c
758,1897,"(43, 13, 28)",#2b0d1c
1641,1898,"(43, 13, 28)",#2b0d1c
1524,1899,"(22, 13, 24)",#160d18
1278,1900,"(22, 13, 24)",#160d18
1303,1901,"(22, 13, 24)",#160d18
1450,1902,"(22, 13, 24)",#160d18
1421,1903,"(22, 13, 24)",#160d18
1744,1904,"(22, 13, 24)",#160d18
1711,1905,"(22, 13, 24)",#160d18
1565,1906,"(23, 13, 24)",#170d18
1598,1907,"(23, 13, 24)",#170d18
720,1908,"(23, 13, 25)",#170d19
687,1909,"(22, 13, 25)",#160d19
1745,1910,"(23, 13, 25)",#170d19
1710,1911,"(23, 13, 25)",#170d19
1566,1912,"(23, 13, 25)",#170d19
1597,1913,"(23, 14, 25)",#170e19
1276,1914,"(23, 14, 25)",#170e19
1305,1915,"(26, 14, 26)",#1a0e1a
1449,1916,"(23, 14, 25)",#170e19
1422,1917,"(52, 35, 32)",#342320
1130,1918,"(52, 35, 31)",#34231f
1157,1919,"(52, 35, 31)",#34231f
716,1920,"(52, 35, 31)",#34231f
691,1921,"(52, 35, 31)",#34231f
836,1922,"(52, 35, 31)",#34231f
867,1923,"(52, 35, 31)",#34231f
1128,1924,"(52, 35, 32)",#342320
1159,1925,"(52, 35, 32)",#342320
1013,1926,"(51, 35, 32)",#332320
979,1927,"(51, 35, 31)",#33231f
1274,1928,"(51, 34, 31)",#33221f
1308,1929,"(53, 36, 32)",#352420
1127,1930,"(54, 37, 34)",#362522
1160,1931,"(54, 36, 33)",#362421
1012,1932,"(53, 36, 33)",#352421
981,1933,"(56, 35, 29)",#38231d
717,1934,"(56, 35, 29)",#38231d
690,1935,"(56, 35, 29)",#38231d
837,1936,"(56, 35, 29)",#38231d
865,1937,"(56, 35, 29)",#38231d
1741,1938,"(56, 35, 29)",#38231d
1715,1939,"(56, 35, 30)",#38231e
251,1940,"(55, 35, 30)",#37231e
216,1941,"(55, 35, 30)",#37231e
61,1942,"(54, 35, 30)",#36231e
92,1943,"(52, 34, 30)",#34221e
373,1944,"(52, 34, 31)",#34221f
414,1945,"(52, 34, 31)",#34221f
568,1946,"(52, 34, 31)",#34221f
533,1947,"(51, 34, 31)",#33221f
2006,1948,"(51, 34, 31)",#33221f
2039,1949,"(51, 34, 31)",#33221f
374,1950,"(51, 34, 31)",#33221f
413,1951,"(12, 12, 18)",#0c0c12
571,1952,"(11, 11, 17)",#0b0b11
530,1953,"(12, 12, 18)",#0c0c12
249,1954,"(12, 12, 18)",#0c0c12
218,1955,"(12, 12, 19)",#0c0c13
58,1956,"(12, 12, 18)",#0c0c12
95,1957,"(11, 11, 17)",#0b0b11
2185,1958,"(9, 9, 15)",#09090f
2156,1959,"(16, 17, 26)",#10111a
2009,1960,"(12, 13, 23)",#0c0d17
2036,1961,"(13, 14, 24)",#0d0e18
1890,1962,"(13, 14, 23)",#0d0e17
1860,1963,"(13, 14, 24)",#0d0e18
2188,1964,"(11, 13, 23)",#0b0d17
2153,1965,"(11, 13, 23)",#0b0d17
2302,1966,"(12, 13, 24)",#0c0d18
2335,1967,"(12, 13, 23)",#0c0d17
254,1968,"(12, 13, 24)",#0c0d18
214,1969,"(11, 13, 23)",#0b0d17
2187,1970,"(11, 13, 23)",#0b0d17
2154,1971,"(11, 12, 22)",#0b0c16
2301,1972,"(11, 12, 22)",#0b0c16
2337,1973,"(11, 12, 23)",#0b0c17
2010,1974,"(11, 13, 23)",#0b0d17
2035,1975,"(11, 13, 23)",#0b0d17
1891,1976,"(11, 13, 23)",#0b0d17
1858,1977,"(11, 13, 23)",#0b0d17
378,1978,"(11, 13, 23)",#0b0d17
410,1979,"(11, 13, 23)",#0b0d17
78,1980,"(11, 13, 23)",#0b0d17
75,1981,"(11, 13, 23)",#0b0d17
228,1982,"(11, 13, 23)",#0b0d17
238,1983,"(11, 13, 23)",#0b0d17
540,1984,"(11, 13, 23)",#0b0d17
561,1985,"(11, 13, 23)",#0b0d17
407,1986,"(11, 13, 23)",#0b0d17
381,1987,"(11, 13, 23)",#0b0d17
1864,1988,"(11, 13, 23)",#0b0d17
1883,1989,"(11, 13, 24)",#0b0d18
538,1990,"(12, 13, 24)",#0c0d18
563,1991,"(12, 13, 24)",#0c0d18
402,1992,"(11, 13, 23)",#0b0d17
384,1993,"(11, 13, 23)",#0b0d17
80,1994,"(11, 13, 23)",#0b0d17
73,1995,"(11, 13, 23)",#0b0d17
233,1996,"(11, 13, 23)",#0b0d17
235,1997,"(11, 13, 23)",#0b0d17
2320,1998,"(11, 13, 23)",#0b0d17
2315,1999,"(11, 12, 23)",#0b0c17
1761,2000,"(11, 12, 22)",#0b0c16
1694,2001,"(11, 12, 23)",#0b0c17
1555,2002,"(11, 12, 22)",#0b0c16
1607,2003,"(11, 12, 22)",#0b0c16
1267,2004,"(11, 12, 22)",#0b0c16
1314,2005,"(11, 12, 22)",#0b0c16
1454,2006,"(11, 12, 22)",#0b0c16
1418,2007,"(11, 12, 23)",#0b0c17
1122,2008,"(11, 13, 23)",#0b0d17
1163,2009,"(11, 13, 23)",#0b0d17
1268,2010,"(11, 13, 23)",#0b0d17
1313,2011,"(11, 13, 23)",#0b0d17
1459,2012,"(11, 13, 23)",#0b0d17
1411,2013,"(11, 13, 23)",#0b0d17
1760,2014,"(11, 13, 23)",#0b0d17
1695,2015,"(11, 13, 23)",#0b0d17
1550,2016,"(11, 13, 23)",#0b0d17
1614,2017,"(11, 13, 23)",#0b0d17
732,2018,"(12, 13, 23)",#0c0d17
673,2019,"(12, 13, 23)",#0c0d17
1110,2020,"(11, 13, 23)",#0b0d17
1177,2021,"(11, 13, 22)",#0b0d16
1024,2022,"(7, 8, 15)",#07080f
968,2023,"(4, 4, 4)",#040404
726,2024,"(4, 4, 4)",#040404
681,2025,"(4, 4, 4)",#040404
832,2026,"(4, 4, 4)",#040404
872,2027,"(4, 4, 5)",#040405
1746,2028,"(4, 4, 4)",#040404
1707,2029,"(4, 4, 4)",#040404
721,2030,"(4, 4, 4)",#040404
686,2031,"(4, 4, 4)",#040404
829,2032,"(4, 4, 4)",#040404
873,2033,"(4, 4, 4)",#040404
1115,2034,"(4, 4, 4)",#040404
1172,2035,"(4, 4, 4)",#040404
1027,2036,"(4, 4, 4)",#040404
967,2037,"(4, 4, 4)",#040404
1255,2038,"(6, 4, 4)",#060404
1324,2039,"(10, 7, 6)",#0a0706
361,2040,"(15, 11, 10)",#0f0b0a
426,2041,"(16, 11, 10)",#100b0a
583,2042,"(21, 14, 13)",#150e0d
517,2043,"(23, 16, 14)",#17100e
256,2044,"(31, 22, 20)",#1f1614
211,2045,"(31, 22, 20)",#1f1614
52,2046,"(45, 32, 29)",#2d201d
102,2047,"(53, 38, 34)",#352622
2196,2048,"(59, 43, 38)",#3b2b26
2143,2049,"(45, 33, 29)",#2d211d
261,2050,"(65, 47, 42)",#412f2a
206,2051,"(73, 53, 48)",#493530
53,2052,"(59, 44, 39)",#3b2c27
99,2053,"(59, 44, 39)",#3b2c27
356,2054,"(85, 62, 55)",#553e37
431,2055,"(93, 68, 61)",#5d443d
582,2056,"(99, 73, 65)",#634941
520,2057,"(99, 73, 65)",#634941
1996,2058,"(105, 77, 69)",#694d45
2047,2059,"(111, 82, 74)",#6f524a
2201,2060,"(117, 86, 76)",#75564c
2140,2061,"(117, 86, 76)",#75564c
2286,2062,"(117, 86, 76)",#75564c
2350,2063,"(117, 86, 76)",#75564c
2002,2064,"(117, 86, 76)",#75564c
2043,2065,"(117, 86, 76)",#75564c
1899,2066,"(117, 86, 76)",#75564c
1851,2067,"(117, 86, 76)",#75564c
365,2068,"(117, 86, 76)",#75564c
420,2069,"(117, 86, 76)",#75564c
2001,2070,"(117, 85, 76)",#75554c
2044,2071,"(117, 85, 76)",#75554c
1894,2072,"(117, 85, 76)",#75554c
1854,2073,"(117, 85, 76)",#75554c
2202,2074,"(117, 85, 76)",#75554c
2139,2075,"(117, 85, 76)",#75554c
2291,2076,"(117, 85, 76)",#75554c
2347,2077,"(117, 85, 76)",#75554c
265,2078,"(117, 85, 76)",#75554c
200,2079,"(117, 85, 76)",#75554c
506,2080,"(117, 85, 76)",#75554c
595,2081,"(117, 86, 76)",#75564c
436,2082,"(117, 85, 76)",#75554c
351,2083,"(117, 85, 76)",#75554c
118,2084,"(117, 85, 76)",#75554c
35,2085,"(117, 85, 76)",#75554c
193,2086,"(117, 85, 76)",#75554c
274,2087,"(117, 85, 76)",#75554c
2352,2088,"(8, 9, 17)",#080911
2285,2089,"(9, 10, 18)",#090a12
112,2090,"(10, 10, 19)",#0a0a13
41,2091,"(9, 10, 19)",#090a13
192,2092,"(10, 10, 20)",#0a0a14
275,2093,"(10, 10, 19)",#0a0a13
512,2094,"(9, 10, 18)",#090a12
589,2095,"(9, 10, 18)",#090a12
437,2096,"(10, 10, 19)",#0a0a13
350,2097,"(10, 10, 19)",#0a0a13
1835,2098,"(9, 10, 19)",#090a13
1914,2099,"(9, 10, 19)",#090a13
2220,2100,"(9, 10, 18)",#090a12
2121,2101,"(9, 10, 18)",#090a12
2272,2102,"(9, 10, 18)",#090a12
2365,2103,"(9, 10, 18)",#090a12
1980,2104,"(9, 10, 19)",#090a13
2065,2105,"(9, 10, 19)",#090a13
1915,2106,"(9, 10, 18)",#090a12
1833,2107,"(9, 10, 18)",#090a12
345,2108,"(9, 10, 18)",#090a12
443,2109,"(9, 10, 18)",#090a12
1981,2110,"(9, 10, 18)",#090a12
2064,2111,"(9, 10, 18)",#090a12
1919,2112,"(8, 9, 17)",#080911
1830,2113,"(8, 9, 17)",#080911
2219,2114,"(8, 9, 17)",#080911
2122,2115,"(8, 9, 17)",#080911
2268,2116,"(8, 9, 17)",#080911
2368,2117,"(8, 9, 17)",#080911
289,2118,"(8, 9, 17)",#080911
179,2119,"(8, 9, 17)",#080911
336,2120,"(8, 9, 17)",#080911
451,2121,"(8, 9, 17)",#080911
602,2122,"(8, 9, 17)",#080911
499,2123,"(8, 9, 17)",#080911
283,2124,"(8, 9, 17)",#080911
184,2125,"(8, 9, 17)",#080911
30,2126,"(8, 9, 17)",#080911
122,2127,"(8, 9, 17)",#080911
2211,2128,"(8, 9, 17)",#080911
2131,2129,"(8, 9, 17)",#080911
280,2130,"(8, 9, 17)",#080911
187,2131,"(8, 9, 16)",#080910
29,2132,"(8, 9, 16)",#080910
124,2133,"(8, 9, 16)",#080910
339,2134,"(8, 8, 16)",#080810
448,2135,"(8, 8, 16)",#080810
603,2136,"(7, 8, 16)",#070810
497,2137,"(8, 8, 16)",#080810
1972,2138,"(8, 8, 16)",#080810
2074,2139,"(7, 8, 16)",#070810
1097,2140,"(7, 8, 16)",#070810
1190,2141,"(7, 8, 16)",#070810
1042,2142,"(7, 8, 16)",#070810
951,2143,"(8, 8, 16)",#080810
743,2144,"(8, 8, 16)",#080810
664,2145,"(8, 8, 16)",#080810
812,2146,"(7, 8, 16)",#070810
890,2147,"(7, 8, 16)",#070810
1774,2148,"(7, 8, 16)",#070810
1682,2149,"(7, 8, 16)",#070810
746,2150,"(7, 8, 16)",#070810
661,2151,"(8, 8, 16)",#080810
814,2152,"(8, 9, 18)",#080912
889,2153,"(8, 9, 18)",#080912
1094,2154,"(8, 9, 18)",#080912
1193,2155,"(8, 9, 18)",#080912
1040,2156,"(7, 8, 16)",#070810
952,2157,"(220, 218, 220)",#dcdadc
1246,2158,"(220, 218, 220)",#dcdadc
1336,2159,"(221, 218, 220)",#dddadc
1776,2160,"(221, 219, 220)",#dddbdc
1679,2161,"(221, 219, 220)",#dddbdc
1534,2162,"(221, 219, 220)",#dddbdc
1629,2163,"(221, 219, 220)",#dddbdc
1249,2164,"(221, 219, 220)",#dddbdc
1332,2165,"(221, 219, 220)",#dddbdc
1476,2166,"(222, 219, 220)",#dedbdc
1394,2167,"(222, 219, 220)",#dedbdc
1101,2168,"(222, 218, 220)",#dedadc
1187,2169,"(222, 218, 220)",#dedadc
1248,2170,"(222, 218, 220)",#dedadc
1333,2171,"(222, 218, 220)",#dedadc
1475,2172,"(222, 218, 220)",#dedadc
1396,2173,"(222, 218, 220)",#dedadc
1777,2174,"(222, 218, 220)",#dedadc
1678,2175,"(222, 218, 220)",#dedadc
1535,2176,"(222, 218, 220)",#dedadc
1627,2177,"(222, 218, 220)",#dedadc
750,2178,"(222, 218, 220)",#dedadc
658,2179,"(222, 218, 220)",#dedadc
945,2180,"(222, 218, 220)",#dedadc
1048,2181,"(222, 218, 220)",#dedadc
1195,2182,"(222, 218, 220)",#dedadc
1092,2183,"(222, 218, 220)",#dedadc
902,2184,"(222, 218, 220)",#dedadc
801,2185,"(222, 218, 219)",#dedadb
652,2186,"(222, 218, 219)",#dedadb
755,2187,"(222, 218, 219)",#dedadb
1630,2188,"(222, 218, 219)",#dedadb
1533,2189,"(222, 218, 219)",#dedadb
898,2190,"(222, 218, 219)",#dedadb
805,2191,"(222, 218, 219)",#dedadb
651,2192,"(222, 218, 219)",#dedadb
756,2193,"(222, 218, 219)",#dedadb
949,2194,"(222, 218, 219)",#dedadb
1044,2195,"(222, 218, 219)",#dedadb
1196,2196,"(222, 218, 219)",#dedadb
1091,2197,"(222, 218, 219)",#dedadb
1382,2198,"(222, 218, 219)",#dedadb
1489,2199,"(222, 218, 219)",#dedadb
1571,2200,"(222, 218, 219)",#dedadb
1592,2201,"(222, 218, 219)",#dedadb
1738,2202,"(222, 218, 219)",#dedadb
1716,2203,"(222, 218, 219)",#dedadb
1437,2204,"(222, 218, 219)",#dedadb
1434,2205,"(222, 218, 219)",#dedadb
1288,2206,"(222, 218, 219)",#dedadb
1294,2207,"(222, 218, 219)",#dedadb
1001,2208,"(222, 218, 219)",#dedadb
990,2209,"(222, 218, 219)",#dedadb
1438,2210,"(222, 218, 219)",#dedadb
1433,2211,"(222, 218, 219)",#dedadb
1289,2212,"(222, 218, 219)",#dedadb
1291,2213,"(222, 218, 219)",#dedadb
1570,2214,"(222, 218, 219)",#dedadb
1593,2215,"(222, 218, 219)",#dedadb
1737,2216,"(222, 218, 219)",#dedadb
1719,2217,"(222, 217, 219)",#ded9db
843,2218,"(222, 217, 219)",#ded9db
858,2219,"(222, 217, 219)",#ded9db
1006,2220,"(222, 217, 219)",#ded9db
987,2221,"(222, 217, 219)",#ded9db
1132,2222,"(222, 217, 219)",#ded9db
1154,2223,"(221, 217, 218)",#ddd9da
851,2224,"(221, 217, 218)",#ddd9da
852,2225,"(221, 217, 218)",#ddd9da
707,2226,"(221, 217, 218)",#ddd9da
701,2227,"(221, 217, 218)",#ddd9da
1573,2228,"(221, 217, 218)",#ddd9da
1588,2229,"(221, 217, 218)",#ddd9da
848,2230,"(221, 217, 218)",#ddd9da
855,2231,"(221, 217, 218)",#ddd9da
704,2232,"(221, 217, 218)",#ddd9da
702,2233,"(221, 217, 218)",#ddd9da
1009,2234,"(221, 217, 218)",#ddd9da
984,2235,"(221, 217, 218)",#ddd9da
1135,2236,"(221, 217, 218)",#ddd9da
1153,2237,"(221, 217, 218)",#ddd9da
1440,2238,"(221, 217, 218)",#ddd9da
1429,2239,"(221, 217, 218)",#ddd9da
565,2240,"(221, 217, 218)",#ddd9da
536,2241,"(221, 217, 218)",#ddd9da
383,2242,"(221, 217, 218)",#ddd9da
403,2243,"(221, 217, 218)",#ddd9da
71,2244,"(221, 217, 218)",#ddd9da
82,2245,"(221, 217, 218)",#ddd9da
236,2246,"(222, 217, 218)",#ded9da
232,2247,"(222, 217, 218)",#ded9da
2316,2248,"(222, 217, 218)",#ded9da
2319,2249,"(222, 218, 218)",#dedada
76,2250,"(222, 218, 218)",#dedada
77,2251,"(222, 218, 218)",#dedada
237,2252,"(222, 218, 218)",#dedada
229,2253,"(222, 218, 218)",#dedada
560,2254,"(222, 218, 218)",#dedada
541,2255,"(222, 218, 218)",#dedada
382,2256,"(222, 218, 218)",#dedada
406,2257,"(222, 218, 218)",#dedada
1886,2258,"(222, 218, 218)",#dedada
1861,2259,"(222, 218, 218)",#dedada
2306,2260,"(222, 218, 218)",#dedada
2331,2261,"(221, 218, 218)",#dddada
2179,2262,"(222, 218, 218)",#dedada
2161,2263,"(221, 218, 218)",#dddada
1877,2264,"(221, 218, 218)",#dddada
1872,2265,"(222, 218, 218)",#dedada
2022,2266,"(222, 218, 218)",#dedada
2024,2267,"(222, 218, 218)",#dedada
553,2268,"(222, 218, 218)",#dedada
546,2269,"(221, 218, 218)",#dddada
1876,2270,"(222, 218, 218)",#dedada
1873,2271,"(222, 218, 218)",#dedada
2019,2272,"(222, 218, 218)",#dedada
2025,2273,"(222, 218, 218)",#dedada
2307,2274,"(222, 218, 219)",#dedadb
2330,2275,"(222, 218, 219)",#dedadb
2182,2276,"(222, 218, 219)",#dedadb
2160,2277,"(221, 218, 218)",#dddada
64,2278,"(221, 218, 218)",#dddada
87,2279,"(221, 218, 218)",#dddada
411,2280,"(221, 218, 218)",#dddada
376,2281,"(221, 218, 218)",#dddada
531,2282,"(221, 218, 218)",#dddada
570,2283,"(221, 218, 218)",#dddada
219,2284,"(221, 218, 218)",#dddada
248,2285,"(221, 218, 218)",#dddada
94,2286,"(221, 218, 218)",#dddada
59,2287,"(221, 218, 218)",#dddada
2155,2288,"(221, 218, 218)",#dddada
2186,2289,"(221, 218, 218)",#dddada
215,2290,"(221, 218, 218)",#dddada
252,2291,"(221, 218, 218)",#dddada
93,2292,"(221, 218, 218)",#dddada
60,2293,"(221, 218, 218)",#dddada
415,2294,"(221, 218, 218)",#dddada
372,2295,"(221, 218, 218)",#dddada
532,2296,"(221, 218, 218)",#dddada
569,2297,"(221, 218, 219)",#dddadb
2037,2298,"(221, 218, 219)",#dddadb
2008,2299,"(221, 218, 219)",#dddadb
2251,2300,"(222, 218, 219)",#dedadb
2386,2301,"(222, 218, 219)",#dedadb
2238,2302,"(222, 219, 219)",#dedbdb
2104,2303,"(222, 219, 219)",#dedbdb
1933,2304,"(222, 219, 219)",#dedbdb
1816,2305,"(222, 219, 219)",#dedbdb
1963,2306,"(222, 219, 219)",#dedbdb
2081,2307,"(223, 219, 219)",#dfdbdb
616,2308,"(223, 219, 219)",#dfdbdb
487,2309,"(223, 219, 219)",#dfdbdb
1934,2310,"(223, 219, 220)",#dfdbdc
1815,2311,"(223, 219, 220)",#dfdbdc
1966,2312,"(223, 219, 220)",#dfdbdc
2080,2313,"(223, 219, 220)",#dfdbdc
2250,2314,"(223, 219, 220)",#dfdbdc
2387,2315,"(223, 219, 220)",#dfdbdc
2235,2316,"(223, 220, 220)",#dfdcdc
2105,2317,"(223, 220, 220)",#dfdcdc
11,2318,"(223, 220, 220)",#dfdcdc
144,2319,"(223, 220, 220)",#dfdcdc
619,2320,"(223, 220, 220)",#dfdcdc
482,2321,"(223, 220, 220)",#dfdcdc
320,2322,"(223, 220, 220)",#dfdcdc
468,2323,"(224, 220, 220)",#e0dcdc
17,2324,"(224, 220, 220)",#e0dcdc
136,2325,"(224, 220, 220)",#e0dcdc
299,2326,"(224, 220, 221)",#e0dcdd
167,2327,"(224, 221, 221)",#e0dddd
2255,2328,"(224, 221, 221)",#e0dddd
2384,2329,"(224, 221, 221)",#e0dddd
14,2330,"(224, 221, 221)",#e0dddd
139,2331,"(224, 221, 221)",#e0dddd
298,2332,"(224, 221, 221)",#e0dddd
170,2333,"(224, 221, 221)",#e0dddd
622,2334,"(224, 221, 221)",#e0dddd
479,2335,"(224, 221, 221)",#e0dddd
321,2336,"(224, 221, 221)",#e0dddd
465,2337,"(224, 221, 221)",#e0dddd
1938,2338,"(224, 221, 221)",#e0dddd
1813,2339,"(224, 221, 221)",#e0dddd
1063,2340,"(224, 221, 221)",#e0dddd
930,2341,"(224, 221, 221)",#e0dddd
1080,2342,"(224, 221, 221)",#e0dddd
1208,2343,"(224, 221, 221)",#e0dddd
794,2344,"(224, 221, 221)",#e0dddd
909,2345,"(224, 221, 221)",#e0dddd
759,2346,"(224, 221, 221)",#e0dddd
647,2347,"(224, 221, 221)",#e0dddd
1527,2348,"(224, 221, 221)",#e0dddd
1638,2349,"(224, 221, 221)",#e0dddd
799,2350,"(224, 221, 221)",#e0dddd
904,2351,"(224, 221, 221)",#e0dddd
762,2352,"(224, 221, 221)",#e0dddd
646,2353,"(224, 220, 221)",#e0dcdd
1058,2354,"(224, 220, 221)",#e0dcdd
935,2355,"(224, 220, 220)",#e0dcdc
1077,2356,"(224, 220, 220)",#e0dcdc
1209,2357,"(224, 220, 220)",#e0dcdc
1503,2358,"(224, 220, 220)",#e0dcdc
1370,2359,"(223, 220, 220)",#dfdcdc
1515,2360,"(223, 220, 220)",#dfdcdc
1648,2361,"(223, 220, 220)",#dfdcdc
1792,2362,"(223, 220, 220)",#dfdcdc
1664,2363,"(223, 219, 220)",#dfdbdc
1492,2364,"(223, 219, 220)",#dfdbdc
1379,2365,"(223, 219, 220)",#dfdbdc
1234,2366,"(223, 219, 219)",#dfdbdb
1346,2367,"(223, 219, 219)",#dfdbdb
1053,2368,"(223, 219, 219)",#dfdbdb
942,2369,"(223, 219, 219)",#dfdbdb
1491,2370,"(223, 219, 219)",#dfdbdb
1380,2371,"(223, 219, 219)",#dfdbdb
1233,2372,"(223, 219, 219)",#dfdbdb
1349,2373,"(223, 218, 219)",#dfdadb
1516,2374,"(223, 218, 219)",#dfdadb
1647,2375,"(222, 218, 218)",#dedada
1793,2376,"(222, 218, 218)",#dedada
1661,2377,"(222, 218, 218)",#dedada
789,2378,"(222, 218, 218)",#dedada
916,2379,"(222, 218, 218)",#dedada
1215,2380,"(222, 218, 218)",#dedada
1072,2381,"(222, 218, 218)",#dedada
926,2382,"(222, 218, 218)",#dedada
1067,2383,"(222, 218, 218)",#dedada
635,2384,"(222, 218, 218)",#dedada
772,2385,"(221, 218, 218)",#dddada
921,2386,"(221, 217, 218)",#ddd9da
783,2387,"(221, 217, 218)",#ddd9da
1657,2388,"(221, 217, 218)",#ddd9da
1798,2389,"(221, 217, 218)",#ddd9da
631,2390,"(221, 217, 218)",#ddd9da
776,2391,"(221, 217, 218)",#ddd9da
920,2392,"(221, 217, 217)",#ddd9d9
